"Drawing number","Product name","Client name","区分","材質","加工方法","外注先","板厚","発注№","Note","Drawing","見積書","注文書","ミルシート","作業指示書","検査成績書","不具合管理表","作業見本","製品見本","Registration date","URL"
"3P219155F","取付板","ダイキン工業株式会社","通常","SGCC-ZN12,SGHC-F08t","","","1.20,3.20,1.60","","","1","","","","","","","","","2025-07-30","https://zume-n.com/drawings/10059828"
"4P090805B","PIPE FIXING PLATE","","通常","SCC-C,ZN2C2","","","2","","","1","","","","","","","","","2025-07-30","https://zume-n.com/drawings/10048082"
"3P767985","パッキングケース 印刷品","","通常","パインバー チェアー","","","2","","","1","","","","","","","","","2025-07-30","https://zume-n.com/drawings/10048075"
"3P798974.B","","","通常","WOOD FREE PAPER","","","2.80,3.20,4.13","AS303004,ASB040004","","1","","","","","","","","","2025-07-30","https://zume-n.com/drawings/10048073"
"3P798973C","取付説明書","","通常","WOOD FREE PAPER","","","","","","1","","","","","","","","","2025-07-30","https://zume-n.com/drawings/10048071"
"3P801419","表示銘板","","通常","KKSE5A160,KKSE5A10H,KKSE5A236,KKSE5A360,KKSE5A540,KKSE5A432,KKSE5A344,KKSE5A440,KKSE5A460,KKSE5A480,KKSE244100","","","","3P801419-1AA,3P801419-2AA,3P801419-3AA,3P801419-4AA,3P801419-5AA,3P801419-6AA,3P801419-7AA,3P801419-8AA,3P801419-9AA,3P801419-10AA,3P801419-11AA,3P801419-12B","","1","","","","","","","","","2025-07-30","https://zume-n.com/drawings/10048066"
"3P737945K","PACKING BOX ASSY","","通常","AA,AE,AF","","","20","BN2X5026A,2RZ5X0246","","1","","","","","","","","","2025-07-30","https://zume-n.com/drawings/10048062"
"4P768268C","適用機種リスト","","通常","","","","","","","1","","","","","","","","","2025-07-30","https://zume-n.com/drawings/10048058"
"4P090805A","配管取付板","","通常","SGCC-Z2","","","2","0300488399","","1","","","","","","","","","2025-07-30","https://zume-n.com/drawings/10048054"
"3P396980A","仕切板 （鈑金）","","通常","SPGC-E(F08 t1.0)","","","1","","","1","","","","","","","","","2025-07-30","https://zume-n.com/drawings/10048049"
"3P396981","仕切板 (鈑金) (左) PARTITION PLATE (SHEET METAL) (LEFT)","","通常","SPCC T=1.0,SGCC-F08 T1.0","","","1.00,1.00","","","1","","","","","","","","","2025-07-30","https://zume-n.com/drawings/10048044"
"3P821959","PACKING BOX ASSY","","通常","","","","","3P823292-1,4P821957-1","","1","","","","","","","","","2025-07-30","https://zume-n.com/drawings/10048040"
"3P124119-N","FAN MOTOR CAPACITOR CMPS","","通常","N","","","","JA886301","","1","","","","","","","","","2025-07-30","https://zume-n.com/drawings/10048036"
"3P797925 B","ステー (上) STAY (UPPER)","","通常","SS400,SEHC-ZN12,SEHC-F06","","","1.90,2.30","BN2421177N","","1","","","","","","","","","2025-07-30","https://zume-n.com/drawings/10048012"
"3P636924","MOUNTING PLATE","","通常","SGCC-ZN22-T1-2","","","1.2","6KK002-Z,AS1100665,AS8004004,6KK010-Z","","1","","","","","","","","","2025-07-30","https://zume-n.com/drawings/10047996"
"3P636960","SOLENOID VALVE ASSY","","通常","SPCC","","","2.30,1.60,1.60","ASB040004","","1","","","","","","","","","2025-07-30","https://zume-n.com/drawings/10047994"
"3P636980C","給水ユニットASSY","","通常","S-16T WRAP,T-56R,SOLENOID,ANTISTEAM MATERIAL","","","0.20,0.62","GKE004-Z,ASB040004","","1","","","","","","","","","2025-07-30","https://zume-n.com/drawings/10047989"
"2P653030F","加湿器ASSY","","通常","鋼,ステンレス,ナイロン,PP,ABS樹脂","","","1.00,2.00,4.00","NT0025,WS1055","","1","","","","","","","","","2025-07-30","https://zume-n.com/drawings/10047986"
"2P652987F","加湿器組立体","","通常","ゴム,鋼,プラスチック","","","2.3","","","1","","","","","","","","","2025-07-30","https://zume-n.com/drawings/10047983"
"4P784269B","裏板（鈑金）","","通常","SGCD1-Z2Z","","","1.6","","","1","","","","","","","","","2025-07-30","https://zume-n.com/drawings/10047980"
"3P800247","KKSE35420","","通常","WOOD FREE PAPER","","","","AS330004,ASB040004","","1","","","","","","","","","2025-07-30","https://zume-n.com/drawings/10047978"
"3P800246","荷揚揚れ机止め金具取り付説明書","","通常","WOOD FREE PAPER","","","0.09","","","1","","","","","","","","","2025-07-30","https://zume-n.com/drawings/10047977"
"3P771488","INSTALLATION MANUAL","","通常","WOOD FREE PAPER","","","","AS303004,ASB40004","","1","","","","","","","","","2025-07-30","https://zume-n.com/drawings/10047975"
"3P767143","取付説明書","","通常","WOOD FREE PAPER","","","0.06","4P768268,3P771488","","1","","","","","","","","","2025-07-30","https://zume-n.com/drawings/10047974"
"3P798976","KKSE54880","","通常","WOOD FREE PAPER","","","","","","1","","","","","","","","","2025-07-30","https://zume-n.com/drawings/10047970"
"3P798975","取付説明書","","通常","INSTALLATION MANUAL,WOOD FREE PAPER","","","","","","1","","","","","","","","","2025-07-30","https://zume-n.com/drawings/10047966"
"3P017448K","枠板","ダイキン工業株式会社","通常","SGCC-E","","","1.2","BR71544B,BR61742A","","1","","","","","","","","","2025-07-22","https://zume-n.com/drawings/9714201"
"3P823292","据付説明書","オーケー器材株式会社","通常","","","","","","","1","","","","","","","","","2025-07-19","https://zume-n.com/drawings/9675328"
"3P824378","適用機種リスト","オーケー器材株式会社","通常","","","","","","","1","","","","","","","","","2025-07-19","https://zume-n.com/drawings/9675329"
"4P821957B","パッキングケース","オーケー器材株式会社","通常","LB180×MC120×LB180","","","","","","1","","","","","","","","","2025-07-19","https://zume-n.com/drawings/9675330"
"3P821871","取付金具","オーケー器材株式会社","通常","SGHC-F08","","","2.3","","","1","","","","","","","","","2025-07-19","https://zume-n.com/drawings/9675331"
"3P821872","取付金具","オーケー器材株式会社","通常","SGHC-F08","","","2.3","","","1","","","","","","","","","2025-07-19","https://zume-n.com/drawings/9675332"
"3P821873","K-KP3A取付金具","オーケー器材株式会社","通常","SS400F2-B,SGHC-F08","","","2.30,2.00","","","1","","","","","","","","","2025-07-19","https://zume-n.com/drawings/9675333"
"3P821958","ラベル銘板","オーケー器材株式会社","通常","A1","","","1.10,0.80","3P821958-1,3P821958-2,3P821958-3","","1","","","","","","","","","2025-07-19","https://zume-n.com/drawings/9675335"
"3P821959","梱包ボックス組立品","オーケー器材株式会社","通常","1200 x 150","","","","","","1","","","","","","","","","2025-07-19","https://zume-n.com/drawings/9675334"
"R4-725104E","吸込グリル補強板","","通常","SECC-EH2,SECC-ZN12","","","1.00,1.20","発注図番:ヨレ","","1","","","","","","","","","2025-07-17","https://zume-n.com/drawings/9583791"
"2P016880","吸込グリル","ダイキン工業株式会社","通常","SPCC,SPCC,SPCC,SPCC,SPCC,SPCC,SPCC,SPCC,SPCC,SPCC,SPCC,SPCC,SPCC,SPCC,SPCC","","","1.00,1.00,1.00,1.00,1.00,1.00,1.00,1.00,1.00,1.00,1.00,1.00,1.00,1.00,1.00","","","2","","","","","","","","","2025-05-16","https://zume-n.com/drawings/7361673"
"AS3810230","天井吊金具 (左右スライド)","","通常","","","","","","","1","","","","","","","","","2025-07-02","https://zume-n.com/drawings/9118513"
"4P818716","シール材 (スペーサ)","","通常","ポリエチレンフォーム,AS293002,ASB040004","","","","","","1","","","","","","","","","2025-07-02","https://zume-n.com/drawings/9118511"
"3P820774","YCWL1A","","通常","","","","3.7","","","1","","","","","","","","","2025-07-02","https://zume-n.com/drawings/9118510"
"3P819023","HANGER METAL MAIN BODY ASSY","","通常","SPHC-P,ALUMINUM","","","","","","1","","","","","","","","","2025-07-02","https://zume-n.com/drawings/9118509"
"4P818986","ACCESSORIES BAG ASSY","","通常","POLYETHYLENE BAG,HEXAGON HEAD BOLT,HEXAGON NUT (CLASS 1),PLAIN WASHER (BRIGHT ROUND),SPRING WASHER,RESIN CLAMP,TWO'S HEAD TAPPING SCREW,SEALING MATERIAL (SPACER)","","","0.03,6.00,6.00,2.00","","","1","","","","","","","","","2025-07-02","https://zume-n.com/drawings/9118505"
"4P818692","吊金具 (取付金具)","","通常","SPGC","","","2.3","JB981204","","1","","","","","","","","","2025-07-02","https://zume-n.com/drawings/9118504"
"3PB18937","据付説明書","","通常","","","","","3PB18937-1","","1","","","","","","","","","2025-07-02","https://zume-n.com/drawings/9118503"
"3P820786","PACKING CASE","","通常","HDPE,-","","","0.02","3P820774,ASB040004","","1","","","","","","","","","2025-07-02","https://zume-n.com/drawings/9118499"
"4P755370","逆止弁シャフト","","通常","SUS304","","","6.5","122500","","1","","","","","","","","","2025-07-02","https://zume-n.com/drawings/9118498"
"3K013581","フレーム","","通常","Z40,SPHC","","","2","321100","","1","","","","","","","","","2025-07-02","https://zume-n.com/drawings/9118497"
"3P533927B","フレーム","","通常","SPHC,W1/2","","","2.00,2.00","13,321,100","","1","","","","","","","","","2025-07-02","https://zume-n.com/drawings/9118494"
"3P540060","フレーム","","通常","SPHC","","","2.3","BR25K101,ENK107C","","1","","","","","","","","","2025-07-02","https://zume-n.com/drawings/9118491"
"3K023838","FRAME","","通常","HDZ40,SPHC","","","2.00,2.30","","","1","","","","","","","","","2025-07-02","https://zume-n.com/drawings/9118489"
"3K023837","FRAME","","通常","SPHC","","","2","","","1","","","","","","","","","2025-07-02","https://zume-n.com/drawings/9118488"
"3P737029D","支柱 (SUPPORT)","","通常","SPHC","","","","25-62,25.6.7","","1","","","","","","","","","2025-07-02","https://zume-n.com/drawings/9118487"
"3P737028","SUPPORT","","通常","SPHC","","","2.3","ID2156","","1","","","","","","","","","2025-07-02","https://zume-n.com/drawings/9118486"
"3P801428D","電動弁 ASSY","","通常","電動弁 ASSY,THERMAL INSULATION,二方電磁弁 Ａ,REFRIGERANT PIPE ASSY,RD TIGHT SCREW","","","2.80,3.30,4.70","3P801429-1,3P801429-2,3P801429-3,3P801429-4,3P801429-5","","1","","","","","","","","","2025-07-02","https://zume-n.com/drawings/9118484"
"3P812340","ブラケット ファン防振ブラケット","","通常","SPHC-ZN22,SCM435","","","2.3","J 1.16.100","","1","","","","","","","","","2025-07-02","https://zume-n.com/drawings/9118483"
"R 3-763467","BRACKET 電動機取付台","","通常","SPHC-P","","","1.6","DP28,DP34,DP49","","1","","","","","","","","","2025-07-02","https://zume-n.com/drawings/9118482"
"4P815127/A","BRACKET ASSY","","通常","KA,KB","","","","","","1","","","","","","","","","2025-07-02","https://zume-n.com/drawings/9118478"
"4P818716","シール材（スペーサ）","","通常","ポリエチレンフォーム","","","","AS293002,AS8040004","","1","","","","","","","","","2025-07-02","https://zume-n.com/drawings/9118477"
"3P820774","YCWL1A","","通常","","","","3.7","","","1","","","","","","","","","2025-07-02","https://zume-n.com/drawings/9118475"
"3P819023","HANGER METAL MAIN BODY ASSY","","通常","STEEL PLATE,STEEL","","","","","","1","","","","","","","","","2025-07-02","https://zume-n.com/drawings/9118473"
"4P818986","付属品袋 ASSY","","通常","POLYETHYLENE BAG,M8x20,M8,M5x12,t6,t2","","","0.03,6.00,2.00","","","1","","","","","","","","","2025-07-02","https://zume-n.com/drawings/9118471"
"4P818692","吊金具 (取付金具)","","通常","SPCC","","","2.3","","","1","","","","","","","","","2025-07-02","https://zume-n.com/drawings/9118469"
"3P818937","INSTALLATION MANUAL","","通常","","","","","","","1","","","","","","","","","2025-07-02","https://zume-n.com/drawings/9118468"
"3P820786-A","PACKING CASE","","通常","A21,DS988,LDPE,ES800326,HDPE,LCLEAR,A90LD","","","","","","1","","","","","","","","","2025-07-02","https://zume-n.com/drawings/9118466"
"3P819023-1","天井吊金具","","通常","","","","","","","1","","","","","","","","","2025-07-02","https://zume-n.com/drawings/9118465"
"KDP2507A80","","オーケー器材株式会社","通常","","","","","","","2","","","","","","","","","2025-06-27","https://zume-n.com/drawings/8979451"
"K506-0779","KDP2507A80","オーケー器材株式会社","通常","永光工業,鋼伸社,社内加工","","","","","","1","","","","1","","","","","2025-06-25","https://zume-n.com/drawings/8905081"
"K506-0759","KDH074C41","オーケー器材株式会社","通常","","","","","","","1","","","","","","","","","2025-06-26","https://zume-n.com/drawings/8956585"
"K506-0760","KDH074C41","オーケー器材株式会社","通常","","","","","","","1","","","","","","","","","2025-06-26","https://zume-n.com/drawings/8956623"
"3P367311G","吸込口フランジASSY","オーケー器材株式会社","通常","","","","","","","1","","","","","","","","","2025-06-25","https://zume-n.com/drawings/8901200"
"3P648822","パッケージケース","オーケー器材株式会社","通常","GKL014-X,GKN005-Z,GKN052-Z,ASB40004","","","3.00,1.00","","","1","","","","","","","","","2025-06-25","https://zume-n.com/drawings/8901447"
"4P500966C","パッキングケース","オーケー器材株式会社","通常","KDP2507A36,KDP2507A56,KDP2507A80,KDP2507A160","","","30.00,35.00","","","1","","","","","","","","","2025-06-25","https://zume-n.com/drawings/8901308"
"3P219155F","MOUNTING PLATE","ダイキン工業株式会社","通常","SGHC-F08,SGHC-ZN12","","","1.20,3.20,1.60","","","1","","","","","","","","","2025-06-25","https://zume-n.com/drawings/8891431"
"3TM0637","後板","","通常","SGCC","","","0.8","","","1","","","","","","","","","2025-06-23","https://zume-n.com/drawings/8817195"
"3TM0507A","天板（後）","ダイキン工業株式会社","通常","SGCC","","","1.00,1.00,1.60,1.60","","","1","","","","","","","","","2025-06-23","https://zume-n.com/drawings/8817194"
"3TM0506A","天板(前)","ダイキン工業株式会社","通常","SPCC","","","1.6","","","1","","","","","","","","","2025-06-23","https://zume-n.com/drawings/8817193"
"3P240891A","側板(鈑金)","ダイキン工業株式会社","通常","SPCC,SPHC,SPCC,SPHC","","","1.00,1.60,1.00,1.60","","","1","","","","","","","","","2025-06-23","https://zume-n.com/drawings/8817192"
"3P152820C","側板(鈑金)(プレナム室)","ダイキン工業株式会社","通常","SPCC,SPCC","","","1.00,1.00","","","1","","","","","","","","","2025-06-23","https://zume-n.com/drawings/8817191"
"3P143502E","側板(鈑金)(プレナム室)","ダイキン工業株式会社","通常","SPCC,SPHC","","","1.00,1.60,1.00,1.60","","","1","","","","","","","","","2025-06-23","https://zume-n.com/drawings/8817190"
"3P156021J","天板(鈑金)","ダイキン工業株式会社","通常","SGCC-F08,SGCC-F08,SGCC-F08","","","0.80,0.80,0.80","","","1","","","","","","","","","2025-06-23","https://zume-n.com/drawings/8817196"
"R3722722G","側板(鈑金)","ダイキン工業株式会社","通常","SPCC,SPHC","","","1.00,1.60","","","1","","","","","","","","","2025-06-23","https://zume-n.com/drawings/8817189"
"4P795213B","連結板","ダイキン工業株式会社","通常","SGHC-ZN12","","","1.6","","","1","","","","","","","","","2025-06-23","https://zume-n.com/drawings/8817188"
"4P797890","取付板ASSY","ダイキン工業株式会社","通常","","","","","","","1","","","","","","","","","2025-06-23","https://zume-n.com/drawings/8817187"
"3P159054H","裏板（鈑金）","ダイキン工業株式会社","通常","SGCC-F08,SGCC-F08,SGCC-F08,SGCC-F08","","","0.80,0.80,0.80,0.80","","","1","","","","","","","","","2025-06-23","https://zume-n.com/drawings/8817197"
"4P793659A","取付板ASSY","ダイキン工業株式会社","通常","","","","","","","1","","","","","","","","","2025-06-23","https://zume-n.com/drawings/8817186"
"4P793661","取付板ASSY","ダイキン工業株式会社","通常","","","","","","","1","","","","","","","","","2025-06-23","https://zume-n.com/drawings/8817185"
"3P159116J","側板(鈑金)","ダイキン工業株式会社","通常","SGCC-F08,SGCC-F08,SGCC-F08,SGCC-F08","","","0.80,0.80,0.80,0.80","","","1","","","","","","","","","2025-06-23","https://zume-n.com/drawings/8817198"
"3P069784","取付板（マグネット）","ダイキン工業株式会社","通常","SPCC","","","0.8","","","1","","","","","","","","","2025-06-23","https://zume-n.com/drawings/8817199"
"4P431765H","付属品Assy","ダイキン工業株式会社","通常","","","","","","","1","","","","","","","","","2025-06-19","https://zume-n.com/drawings/8707294"
"4P431766A","付属品ASSY","ダイキン工業株式会社","通常","","","","","","","1","","","","","","","","","2025-06-19","https://zume-n.com/drawings/8707291"
"R3724519D","機械室立て切板","ダイキン工業株式会社","通常","SPCC,SGCC-F 0.8","","","2.30,2.00","","","1","","","","","","","","","2025-06-20","https://zume-n.com/drawings/8762679"
"3P804239","フレーム","","通常","SPHC,HDZ55","","","2.3","","","1","","","","","","","","","2025-06-19","https://zume-n.com/drawings/8707322"
"3P804238G","フレーム","","通常","SPHC,HDZ55","","","2.30,1.60","","","1","","","","","","","","","2025-06-19","https://zume-n.com/drawings/8707321"
"3P524708","PIPING FIXTURE","","通常","3SK42002-C,SGHC-FB G.E.G","","","2.10,6.60","","","1","","","","","","","","","2025-06-19","https://zume-n.com/drawings/8707318"
"3P818804","MOUNTING PLATE","","通常","SSK490-2020-B,SGHC-FEQ, t1.6","","","1.6","","","1","","","","","","","","","2025-06-19","https://zume-n.com/drawings/8707315"
"3P815681","STOP VALVE MOUNTING PLATE","","通常","SGHC-F05, E1.6","","","1.6","","","1","","","","","","","","","2025-06-19","https://zume-n.com/drawings/8707314"
"3P127487-1","BOTTOM FRAME ASSY","","通常","SUASP2A","","","","","","1","","","","","","","","","2025-06-19","https://zume-n.com/drawings/8707313"
"3P127479","BOTTOM FRAME","","通常","SGHC-ZN22,SGCC","","","1.60,2.30","","","1","","","","","","","","","2025-06-19","https://zume-n.com/drawings/8707312"
"4P205218","エンドプレート","","通常","SGHC-F08","","","1.6","","","1","","","","","","","","","2025-06-19","https://zume-n.com/drawings/8707310"
"3P683262","INSTALLATION MANUAL","","通常","","","","","","","1","","","","","","","","","2025-06-19","https://zume-n.com/drawings/8707308"
"3P433878A","取付説明書","","通常","","","","","","","1","","","","","","","","","2025-06-19","https://zume-n.com/drawings/8707305"
"3P433877","フィルタ","","通常","","","","","","","1","","","","","","","","","2025-06-19","https://zume-n.com/drawings/8707303"
"3P819039","樹脂ケースアッシ(センサASSY)","","通常","RESIN CASE","","","","","","1","","","","","","","","","2025-06-19","https://zume-n.com/drawings/8707300"
"4P817560A","WIRE HARNESS ASSY","","通常","UL1061, AWG26","","","","","","1","","","","","","","","","2025-06-19","https://zume-n.com/drawings/8707299"
"4P817567A","WIRE HARNESS ASSY","","通常","UL1061, AWG26,PAL-03V-F,SPAL-002T-P0.5,GHR-03V-S,SSHL-002T-P0.2","","","","","","1","","","","","","","","","2025-06-19","https://zume-n.com/drawings/8707296"
"2P137438A","遮蔽板(1)","ダイキン工業株式会社","通常","SPCC,SGCC-F08","","","1.00,1.00","","","1","","","","","","","","","2025-04-18","https://zume-n.com/drawings/6494634"
"2P125945F","側板（鉄板）","ダイキン工業株式会社","通常","SPCC,SPCC","","","0.80,0.80","","","1","","","","","","","","","2025-04-18","https://zume-n.com/drawings/6494632"
"3P809098A","配管固定具","ダイキン工業株式会社","通常","SGHC-ZN12orZN22,SGHC-ZN12orZN22,SGHC-ZN12orZN22","","","1.60,1.60,1.60","","","1","","","","","","","","","2025-06-09","https://zume-n.com/drawings/8369545"
"3P809096A","ドレンパン(鈑金)","ダイキン工業株式会社","通常","SGHC-ZN12orZN22,SGHC-ZN12orZN22,SGHC-ZN12orZN22","","","1.60,1.60,1.60","","","1","","","","","","","","","2025-06-09","https://zume-n.com/drawings/8369543"
"3P809095B","ドレンパン(鈑金)","ダイキン工業株式会社","通常","","","","","","","1","","","","","","","","","2025-06-09","https://zume-n.com/drawings/8369542"
"3P665036B","パッキングケース","ダイキン工業株式会社","通常","","","","","","","1","","","","","","","","","2025-06-09","https://zume-n.com/drawings/8369550"
"3P544697","PACKING CASE","ダイキン工業株式会社","通常","SUS,EG,EG,EG,乙","","","","","","1","","","","","","","","","2025-06-09","https://zume-n.com/drawings/8369549"
"3K025018","PACKING CASE","ダイキン工業株式会社","通常","PS,紙,SK","","","","","","1","","","","","","","","","2025-06-09","https://zume-n.com/drawings/8369548"
"3P793537","PACKING CASE","ダイキン工業株式会社","通常","C-8008相当","","","","","","1","","","","","","","","","2025-06-09","https://zume-n.com/drawings/8369547"
"3P795456B","BOTTOM FRAME FIXING PLATE","ダイキン工業株式会社","通常","SGCC-F08,SGHC-F08","","","1.20,2.30","","","1","","","","","","","","","2025-06-09","https://zume-n.com/drawings/8369546"
"3P809097","PIPING FIXTURE EV/SV WELD ASSY","ダイキン工業株式会社","通常","SPHC,SS400","","","3.20,9.00","","","1","","","","","","","","","2025-06-09","https://zume-n.com/drawings/8369544"
"3P814196","冷温水温度4-20mA出力","ダイキン工業株式会社","通常","ANTISWEAT MATERIAL","","","","","","1","","","","","","","","","2025-06-09","https://zume-n.com/drawings/8369540"
"4P730436C","ワイヤハーネス","ダイキン工業株式会社","通常","UL1015, AWG20 色: 赤,UL1015, AWG20 色: 白,moex,moex,単独菊形裸圧着端子,結束バンド","","","0.5","","","1","","","","","","","","","2025-06-09","https://zume-n.com/drawings/8369538"
"3P801177","THERMAL INSULATION TUBE","ダイキン工業株式会社","通常","架橋ポリエチレンフォーム PE発泡品","","","8.00,3.20,17.30","","","1","","","","","","","","","2025-06-09","https://zume-n.com/drawings/8369537"
"3P801176F","REFRIGERANT PIPE ASSY","ダイキン工業株式会社","通常","THERMAL INSULATION TUBE,COPPER TUBE + CML","","","","","","1","","","","","","","","","2025-06-09","https://zume-n.com/drawings/8369536"
"3P801381-E","REFRIGERANT PIPE ASSY","ダイキン工業株式会社","通常","BRZ51429,BRZ50162,BRZ50673","","","","","","1","","","","","","","","","2025-06-09","https://zume-n.com/drawings/8369535"
"3P801385A","THERMAL INSULATION TUBE","ダイキン工業株式会社","通常","ポリエチレンフォーム,ポレチレン","","","7.00,2.00","","","1","","","","","","","","","2025-06-09","https://zume-n.com/drawings/8369534"
"3P801175F","冷媒配管ＡＳＳ’Ｙ","ダイキン工業株式会社","通常","THERMAL INSULATION TUBE,THERMAL INSULATION,LABEL","","","","","","1","","","","","","","","","2025-06-09","https://zume-n.com/drawings/8369531"
"3P665035","パッキングケース","ダイキン工業株式会社","通常","金属板,ポリプロピレン","","","","","","1","","","","","","","","","2025-06-09","https://zume-n.com/drawings/8369530"
"3P793536","パッキングケース","ダイキン工業株式会社","通常","段ボール,EPS","","","30.00,300.00","","","1","","","","","","","","","2025-06-09","https://zume-n.com/drawings/8369527"
"3P544698","PACKING CASE","ダイキン工業株式会社","通常","CORRUGATED BOARD","","","","","","1","","","","","","","","","2025-06-09","https://zume-n.com/drawings/8369526"
"3KO23955D","パッケンケース","ダイキン工業株式会社","通常","","","","","","","1","","","","","","","","","2025-06-09","https://zume-n.com/drawings/8369525"
"3K014328","PACKING METHOD","ダイキン工業株式会社","通常","","","","","","","1","","","","","","","","","2025-06-09","https://zume-n.com/drawings/8369524"
"3P666792","パッキングケース","ダイキン工業株式会社","通常","スチール（表面処理なし）,発泡スチロール,ダンボール","","","","","","1","","","","","","","","","2025-06-09","https://zume-n.com/drawings/8369522"
"3P013324Q","蒸発板取付板","ダイキン工業株式会社","通常","SGCC-ZN12,SGCC-ZN12,SGCC-ZN12,SGCC-F08,SGCC-F08,SGCC-F08,SGCC-F08,SGCC-F08,SGCC-F08,SGCCF08,SGCC-F08,SGCCF08,SGCC-F08,SGCC-F08,SGCC-F08","","㈱永光工業","1.00,1.00,1.20,1.00,1.00,1.00,1.00,1.00,1.20,1.00,1.00,1.00,1.00,1.00,1.00","","","1","","","","","","","","","2025-06-09","https://zume-n.com/drawings/8336635"
"3P324003B","ステー（上）","ダイキン工業株式会社","通常","SGHC-ZN22,SGHC-F08,SGHC-F08","","","1.60,1.60,1.60","","","1","","","","","","","","","2025-05-16","https://zume-n.com/drawings/7361665"
"2P324004C","ステー","ダイキン工業株式会社","通常","","","","","","","1","","","","","","","","","2025-05-16","https://zume-n.com/drawings/7361666"
"3P340097","取付板","ダイキン工業株式会社","通常","SGHC-ZN22,SGHC-F08,SGHC-F08","","","1.60,1.60,1.60","","","1","","","","","","","","","2025-05-16","https://zume-n.com/drawings/7361667"
"3P534729G","側板(鈑金)","ダイキン工業株式会社","通常","SGCC-ZN22,SGCC-ZN22,SGCC-ZN22,SGCC-ZN22,SGCC-F08,SGCC-F08,SGCC-F08,SGCC-F08","","","1.00,1.00,1.00,1.00,1.00,1.00,1.00,1.00","","","2","","","","","","","","","2025-05-16","https://zume-n.com/drawings/7361668"
"4P458204B","配管固定具","ダイキン工業株式会社","通常","SGCC-ZN22,SGCC-F08","","","1.20,1.20","","","1","","","","","","","","","2025-04-18","https://zume-n.com/drawings/6495906"
"4P467835B","ポンプ取付板(1)","ダイキン工業株式会社","通常","SGHC-ZN22,SGHC-F08","","","3.20,3.20","","","1","","","","","","","","","2025-04-18","https://zume-n.com/drawings/6495915"
"4P478659","機器取付板 (通信オプション)","ダイキン工業株式会社","通常","SGCC-ZN22,SGCC-F08","","","1.20,1.20","","","1","","","","","","","","","2025-04-18","https://zume-n.com/drawings/6495929"
"4P476531","サーミスタ取付板","ダイキン工業株式会社","通常","SGCC-ZN21,SGCC-F08","","","1.20,1.20","","","1","","","","","","","","","2025-04-18","https://zume-n.com/drawings/6495923"
"4P478374","水配管接続金具","ダイキン工業株式会社","通常","SGHC-ZN12,SGHC-F08","","","2.30,2.30","","","1","","","","","","","","","2025-04-18","https://zume-n.com/drawings/6495925"
"4P486206C","支持板","ダイキン工業株式会社","通常","SGHC-F08,SGHC-F08,SGHC-F08,SGHC-F08,SGHC-F08,SGHC-F08","","","1.60,1.60,1.60,1.60,1.60,1.60","","","1","","","","","","","","","2025-04-18","https://zume-n.com/drawings/6495936"
"2P323994B","裏板(鈑金)","ダイキン工業株式会社","通常","SGCC-F08,SGCC-F08,SGCC-F08","","","0.80,0.80,0.80","","","1","","","","","","","","","2025-05-16","https://zume-n.com/drawings/7361653"
"4PA47594A","吊り金具","ダイキン工業株式会社","通常","SPHC","","","2.3","","","1","","","","","","","","","2025-06-04","https://zume-n.com/drawings/8182194"
"$4P206529","補強板 (凝縮器ファン)","ダイキン工業株式会社","試作","SGCC-ZN22","","","1","","","1","","","","","","","","","2025-05-28","https://zume-n.com/drawings/7817400"
"$4BS02787E","冷媒分配板(1)","ダイキン工業株式会社","試作","SUS304,SPHC,SPHC,SPHC,SPHC","","","1.50,1.60,1.60,1.60,1.60,1.60","","","1","","","","","","","","","2025-05-28","https://zume-n.com/drawings/7817339"
"$3P244388C","底板(鈑金)","ダイキン工業株式会社","試作","9C2N22","","","3.2","","","1","","","","","","","","","2025-05-28","https://zume-n.com/drawings/7817171"
"$3P244388C","底板(鈑金)","ダイキン工業株式会社","試作","SGCC-Z,2 小口","","","1.2","","","1","","","","","","","","","2025-05-28","https://zume-n.com/drawings/7817174"
"$3P163663","側板(1)","ダイキン工業株式会社","試作","SGCC-F08 t0.8","","","0.8","","","1","","","","","","","","","2025-05-28","https://zume-n.com/drawings/7817176"
"$3P163663B","側板(鈑金)","ダイキン工業株式会社","試作","SGCC-F08,SGCC-F08","","","1","","","1","","","","","","","","","2025-05-28","https://zume-n.com/drawings/7817178"
"$2P242309A","底板ASSY(鈑金)","ダイキン工業株式会社","試作","SPCC,SECC,EP","","","1.60,2.30","","","1","","","","","","","","","2025-05-28","https://zume-n.com/drawings/7817062"
"$2P242309A","底板ASSY(鈑金)","ダイキン工業株式会社","試作","SS400,SPCC,SPHC,MSLFS,MSLFC,THEMAL INSULATION","","","3.20,1.60","","","1","","","","","","","","","2025-05-28","https://zume-n.com/drawings/7817065"
"4PE01386","電動機台補強板","ダイキン工業株式会社","通常","SPGC","","","1.2","","","1","","","","","","","","","2025-05-28","https://zume-n.com/drawings/7816758"
"3PE01385","電動機台本体","ダイキン工業株式会社","通常","SPCC","","","1.6","","","1","","","","","","","","","2025-05-28","https://zume-n.com/drawings/7816753"
"3PE01384A","電動機台","ダイキン工業株式会社","通常","","","","","","","1","","","","","","","","","2025-05-28","https://zume-n.com/drawings/7816751"
"3PB08094C","管板","ダイキン工業株式会社","通常","SPGC,SPGC","","","1.00,0.80","","","1","","","","","","","","","2025-05-28","https://zume-n.com/drawings/7816748"
"Y4182156","デンドウキコティイタ","ダイキン工業株式会社","通常","アンシキ STCC","","","2.65","","","1","","","","","","","","","2025-05-28","https://zume-n.com/drawings/7816745"
"Y4181432","曲抜用トイ","ダイキン工業株式会社","通常","SPG-2C","","","0.5","","","1","","","","","","","","","2025-05-28","https://zume-n.com/drawings/7816741"
"R4763480J","エンドプレート","ダイキン工業株式会社","通常","SGHC-ZN22,SGHC-F08","","","1.60,2.00","","","1","","","","","","","","","2025-05-28","https://zume-n.com/drawings/7816738"
"R4763057G","エンドプレート","ダイキン工業株式会社","通常","SGCC-ZN22,SGCC-F08","","","2","","","1","","","","","","","","","2025-05-28","https://zume-n.com/drawings/7816735"
"R4761928D","エンドプレート","ダイキン工業株式会社","通常","SGCC-2N22","","","1","","","1","","","","","","","","","2025-05-28","https://zume-n.com/drawings/7816733"
"R4696604A","防滴板","ダイキン工業株式会社","通常","SPCC","","","1","","","1","","","","","","","","","2025-05-28","https://zume-n.com/drawings/7816730"
"R413652B","ロータナット用廻り止め座金","ダイキン工業株式会社","通常","SS41P","","","2.3","","","1","","","","","","","","","2025-05-28","https://zume-n.com/drawings/7816727"
"R3763433C","エンドリング","ダイキン工業株式会社","通常","SPGC-Z","","","2","","","1","","","","","","","","","2025-05-28","https://zume-n.com/drawings/7816718"
"1F037301","梱包BOX組立品(補用)","ダイキン工業株式会社","通常","K7732P6G/BK","","","","","","1","","","","","","","","","2025-05-28","https://zume-n.com/drawings/7817641"
"1F041789A","梱包BOX組立品","ダイキン工業株式会社","通常","K5AF","","","4.50,0.80","","","1","","","","","","","","","2025-05-28","https://zume-n.com/drawings/7817634"
"4P808171","取付板","ダイキン工業株式会社","通常","SGCC-ZN22","","","1.2","","","1","","","","","","","","","2025-05-28","https://zume-n.com/drawings/7816636"
"R3638302A","ファン電動機台","ダイキン工業株式会社","通常","SPGC","","","0.8","","","1","","","","","","","","","2025-05-28","https://zume-n.com/drawings/7816715"
"3EA89001C","電流ヒューズ","オーケー器材株式会社","通常","スズ,銅","","","0.7","","","1","","","","","","","","","2025-05-29","https://zume-n.com/drawings/7910109"
"3P055568F","電磁接触器PAK-6J31C","オーケー器材株式会社","通常","","","","","","","1","","","","","","","","","2025-05-29","https://zume-n.com/drawings/7910112"
"3SB45436N","端子台TB-ETD-3P-D","オーケー器材株式会社","通常","PBT+30%GF,SNB7F","","","5.5","","","1","","","","","","","","","2025-05-29","https://zume-n.com/drawings/7910124"
"3SB45279E","ヒューズホルダFFH-03(線間5.2×20ヒューズ用)","オーケー器材株式会社","通常","K1,K2,K3,K4","","","1.40,4.00","","","1","","","","","","","","","2025-05-29","https://zume-n.com/drawings/7910129"
"MI30061Q","単独形丸形裸圧着端子","オーケー器材株式会社","通常","C1100","","","0.5","","","1","","","","","","","","","2025-05-29","https://zume-n.com/drawings/7910137"
"4P730434B","ワイヤハーネス","オーケー器材株式会社","通常","UL1015 670/20 CAVUS","","","","","","1","","","","","","","","","2025-05-29","https://zume-n.com/drawings/7910155"
"4P643056C","樹脂バンド","オーケー器材株式会社","通常","66NYLON","","","","","","1","","","","","","","","","2025-05-29","https://zume-n.com/drawings/7910157"
"4SK03003B","十字穴付キナベ小ネジ(M4)","オーケー器材株式会社","通常","B鋼","","","","","","1","","","","","","","","","2025-05-29","https://zume-n.com/drawings/7910159"
"4SK03301E","十字穴付きトラス小ねじ(M4)","オーケー器材株式会社","通常","鉄,生地","","","2.60,2.00","","","1","","","","","","","","","2025-05-29","https://zume-n.com/drawings/7910161"
"NE41015L","樹脂バンド","オーケー器材株式会社","通常","POM","","","","","","1","","","","","","","","","2025-05-29","https://zume-n.com/drawings/7910165"
"NE43027S","樹脂バンド","オーケー器材株式会社","通常","66NYLON","","","","","","1","","","","","","","","","2025-05-29","https://zume-n.com/drawings/7910168"
"4SA01118F","六角タッピンネジ3種(M5)","オーケー器材株式会社","通常","鉄(swrch18A)","","","3.00,16.00,25.00","","","1","","","","","","","","","2025-05-29","https://zume-n.com/drawings/7910171"
"4SB00049B","十字穴付ナベ小ネジ(M4)","オーケー器材株式会社","通常","STEEL,ジンクプレーティング (JISH H8610)","","","5","","","1","","","","","","","","","2025-05-29","https://zume-n.com/drawings/7910174"
"4SH00038B","十字穴付きトラス小ネジ(M4)","オーケー器材株式会社","通常","STS1BK","","","","","","1","","","","","","","","","2025-05-29","https://zume-n.com/drawings/7910176"
"RI40022S","付属品袋","オーケー器材株式会社","通常","NYLON (TO MITSUI S-3012)","","","","","","1","","","","","","","","","2025-05-29","https://zume-n.com/drawings/7910178"
"4P805557","シール材","オーケー器材株式会社","通常","イノアック製 C-4205","","","2","","","1","","","","","","","","","2025-05-29","https://zume-n.com/drawings/7910180"
"4PA65858D","表示銘板(ヒューズ容量)","オーケー器材株式会社","通常","PET FILM","","","0.10,0.05,5.00","","","1","","","","","","","","","2025-05-29","https://zume-n.com/drawings/7910183"
"4P134089A","樹脂バンド","オーケー器材株式会社","通常","PA66","","","","","","1","","","","","","","","","2025-05-29","https://zume-n.com/drawings/7910194"
"4P577236","シール材","オーケー器材株式会社","通常","FOAM POLYETHYLENE","","","25.00,30.00","","","1","","","","","","","","","2025-05-29","https://zume-n.com/drawings/7910201"
"4P178117D","配線表示板（端子台用）","オーケー器材株式会社","通常","JIS PVC","","","0.8","","","1","","","","","","","","","2025-05-29","https://zume-n.com/drawings/7910198"
"4P810484A","パッキングケース","オーケー器材株式会社","通常","合板180^-180^ AF","","","2","","","1","","","","","","","","","2025-05-29","https://zume-n.com/drawings/7910203"
"3P745514B","ラベル銘板(キット銘板記載項目)","オーケー器材株式会社","通常","アート紙 ART PAPER","","","0.1","","","1","","","","","","","","","2025-05-29","https://zume-n.com/drawings/7910226"
"4P730437B","アース線","オーケー器材株式会社","通常","COPPER STRIPE. TERMINAL","","","","","","1","","","","","","","","","2025-05-29","https://zume-n.com/drawings/7910206"
"4P730436B","ワイヤハーネス","オーケー器材株式会社","通常","UL1015,UL1007,UL1000","","","0.50,1.00","","","1","","","","","","","","","2025-05-29","https://zume-n.com/drawings/7910204"
"4P805525","取付板","オーケー器材株式会社","通常","SGCC Z08,SGCC Z09,SGCC Z10","","","1.60,1.80","","","1","","","","","","","","","2025-05-29","https://zume-n.com/drawings/7910207"
"2P806849","据付説明書","オーケー器材株式会社","通常","","","","","","","1","","","","","","","","","2025-05-29","https://zume-n.com/drawings/7910252"
"2P805521","電装品箱(本体)","オーケー器材株式会社","通常","SS400","","","2.3","","","1","","","","","","","","","2025-05-29","https://zume-n.com/drawings/7910250"
"3P805636","組立要領図","オーケー器材株式会社","通常","GKH012-Z,GKH014-Z","","","","","","1","","","","","","","","","2025-05-29","https://zume-n.com/drawings/7910249"
"3P805572","電装品箱(蓋)ASSY","オーケー器材株式会社","通常","SECC,SEALING MATERIAL","","","0.8","","","1","","","","","","","","","2025-05-29","https://zume-n.com/drawings/7910247"
"3P805635","電装品 ASSY","オーケー器材株式会社","通常","PLASTIC BAND,SEALING MATERIAL","","","","","","1","","","","","","","","","2025-05-29","https://zume-n.com/drawings/7910245"
"3P805667","ワイヤーハーネスAS SY","オーケー器材株式会社","通常","A,E","","","","","","1","","","","","","","","","2025-05-29","https://zume-n.com/drawings/7910241"
"3P810532","パッキングケース(梱包完成品)","オーケー器材株式会社","通常","段ボール (SUP),合板","","","7.00,12.00","","","1","","","","","","","","","2025-05-29","https://zume-n.com/drawings/7910239"
"3P805528","電装品箱(蓋)","オーケー器材株式会社","通常","ZAM","","","1.6","","","1","","","","","","","","","2025-05-29","https://zume-n.com/drawings/7910237"
"3P805527","機器取付板(下)","オーケー器材株式会社","通常","SGCD1 Z27,SPCC T0.8","","","2.60,1.60,0.80","","","1","","","","","","","","","2025-05-29","https://zume-n.com/drawings/7910234"
"3P805526","機器取付板(上)","オーケー器材株式会社","通常","SPC 1.0 (CLASS 1) OTHERWISE SPECIFIED","","","1.2","","","1","","","","","","","","","2025-05-29","https://zume-n.com/drawings/7910233"
"3P805520","電装品箱ASSY","オーケー器材株式会社","通常","CAC406,SPHC-P","","","3.2","","","1","","","","","","","","","2025-05-29","https://zume-n.com/drawings/7910228"
"4P805524","電装品取付板","オーケー器材株式会社","通常","SK320-TR1-2,SGCC-Z-0.7-1,SGCC-SECC-0.8-1","","","0.8","","","1","","","","","","","","","2025-05-29","https://zume-n.com/drawings/7910209"
"4P805556","シール材","オーケー器材株式会社","通常","EKI-1526B6Z","","","3","","","1","","","","","","","","","2025-05-29","https://zume-n.com/drawings/7910211"
"4P805557","シール材","オーケー器材株式会社","通常","オスペック","","","2","","","1","","","","","","","","","2025-05-29","https://zume-n.com/drawings/7910213"
"3P805522","電装品箱(天板)","オーケー器材株式会社","通常","鉄,SGCC","","","2.2","","","1","","","","","","","","","2025-05-29","https://zume-n.com/drawings/7910215"
"2P806850","据付説明書(裏)","オーケー器材株式会社","通常","","","","","","","1","","","","","","","","","2025-05-29","https://zume-n.com/drawings/7910218"
"3P805523","電装品箱(底板)","オーケー器材株式会社","通常","SPHC-P,SECC-P","","","2.30,1.60","","","1","","","","","","","","","2025-05-29","https://zume-n.com/drawings/7910220"
"3D156392","電気配線図","オーケー器材株式会社","通常","紙","","","","","","1","","","","","","","","","2025-05-29","https://zume-n.com/drawings/7910222"
"3P813404","付属品ASSY","オーケー器材株式会社","通常","POLYAMIDE,SPHC 1.6,SECC 1.6,C1100P-1/2H","","","1.60,1.60","","","1","","","","","","","","","2025-05-29","https://zume-n.com/drawings/7910231"
"4PH02011","固定金具","ダイキン工業株式会社","通常","SPCC","","","1","","","1","","","","","","","","","2025-05-28","https://zume-n.com/drawings/7816711"
"4PE02784","電動機取付バンド","ダイキン工業株式会社","通常","SGCC-Z12","","","1","","","1","","","","","","","","","2025-05-28","https://zume-n.com/drawings/7816707"
"4SK05302J","六角タッピンネジ3種(M5)","ダイキン工業株式会社","通常","","","","","","","1","","","","","","","","","2025-05-28","https://zume-n.com/drawings/7816704"
"R413626E","ローターナット用廻り止座金","ダイキン工業株式会社","通常","SPHC","","","1.6","","","1","","","","","","","","","2025-05-28","https://zume-n.com/drawings/7816722"
"R4660259E","軸受","ダイキン工業株式会社","通常","","","","","","","1","","","","","","","","","2025-05-28","https://zume-n.com/drawings/7816697"
"4PA04074D","軸受振動防止ゴム","ダイキン工業株式会社","通常","NBR","","","","","","1","","","","","","","","","2025-05-28","https://zume-n.com/drawings/7816695"
"4PA04079G","軸受防振ゴムASSY","ダイキン工業株式会社","通常","","","","","","","1","","","","","","","","","2025-05-28","https://zume-n.com/drawings/7816689"
"4PA04075C","FIXING PLATE, BEARING","ダイキン工業株式会社","通常","SGCC-ZN22,SGCC-F08","","","1","","","1","","","","","","","","","2025-05-28","https://zume-n.com/drawings/7816686"
"4PE01041","軸受台補強板","ダイキン工業株式会社","通常","SPGC","","","1.6","","","1","","","","","","","","","2025-05-28","https://zume-n.com/drawings/7816684"
"4PA11857A","軸受台","ダイキン工業株式会社","通常","SPGC","","","1.60,1.60","","","1","","","","","","","","","2025-05-28","https://zume-n.com/drawings/7816676"
"4PE01042A","軸受台組立品","ダイキン工業株式会社","通常","","","","","","","1","","","","","","","","","2025-05-28","https://zume-n.com/drawings/7816674"
"4PE00836A","吸込口フランジ縦枠","ダイキン工業株式会社","通常","SGCC-Z12","","","1","","","1","","","","","","","","","2025-05-28","https://zume-n.com/drawings/7816671"
"4PE00788B","取付板前フランジ","ダイキン工業株式会社","通常","SGCC-Z12","","","0.6","","","1","","","","","","","","","2025-05-28","https://zume-n.com/drawings/7816667"
"4PA19019","鞍受台","ダイキン工業株式会社","通常","SPGC-Z27","","","1.6","","","1","","","","","","","","","2025-05-28","https://zume-n.com/drawings/7816659"
"3P526184A","側板(鈑金)","ダイキン工業株式会社","通常","SPCC,SPHC,SPCC,SPHC","","","1.00,1.60,1.00,1.60","","","1","","","","","","","","","2025-05-28","https://zume-n.com/drawings/7816648"
"3P526184A","側板(鈑金)","ダイキン工業株式会社","通常","SPCC,SPHC,SPCC,SPHC","","","1.00,1.60,1.00,1.60","","","1","","","","","","","","","2025-05-28","https://zume-n.com/drawings/7816640"
"4P808170","取付板ASSY","ダイキン工業株式会社","通常","","","","","","","1","","","","","","","","","2025-05-28","https://zume-n.com/drawings/7816633"
"4P807502A","取付板","ダイキン工業株式会社","通常","SGCC-2N22","","","1.2","","","1","","","","","","","","","2025-05-28","https://zume-n.com/drawings/7816631"
"4P807501A","取付板ASSY","ダイキン工業株式会社","通常","","","","","","","1","","","","","","","","","2025-05-28","https://zume-n.com/drawings/7816628"
"4PE02785","電動機取付バンド","ダイキン工業株式会社","通常","SGCC-Z12","","","1","","","1","","","","","","","","","2025-05-28","https://zume-n.com/drawings/7816624"
"1F037301D","梱包BOX組立品","ダイキン工業株式会社","通常","段ボール,合板,ビニール,鉄","","","0.80,1.20,3.50","","","1","","","","","","","","","2025-05-28","https://zume-n.com/drawings/7817625"
"1F041788","梱包BOX組立品(補用)","ダイキン工業株式会社","通常","GENERAL MATERIAL","","","","","","1","","","","","","","","","2025-05-28","https://zume-n.com/drawings/7817629"
"1F037301B","梱包BOX組立品","ダイキン工業株式会社","通常","RZ37292A(B),RZ37292B(B),RZ37293A(B),RZ37294A(B),RZ37294B(B)","","","","","","1","","","","","","","","","2025-05-28","https://zume-n.com/drawings/7817646"
"1F037301C","梱包BOX組立品","ダイキン工業株式会社","通常","","","","","","","1","","","","","","","","","2025-05-28","https://zume-n.com/drawings/7817651"
"2P141596F","吸込グリル","ダイキン工業株式会社","通常","SPCC","","","1","","","1","","","","","","","","","2025-05-20","https://zume-n.com/drawings/7531730"
"3P798974","据付説明書","オーケー器材株式会社","通常","上質紙55kg/連","","","","","","1","","","","","","","","","2025-05-22","https://zume-n.com/drawings/7602454"
"3P787625","梱包ボックス組立品","オーケー器材株式会社","通常","","","","","","","1","","","","","","","","","2025-05-22","https://zume-n.com/drawings/7602456"
"3P789030D","梱包ボックス組立品","オーケー器材株式会社","通常","","","","","","","1","","","","","","","","","2025-05-22","https://zume-n.com/drawings/7602457"
"3P737945","梱包ボックス組立品","オーケー器材株式会社","通常","","","","0.80,1.00","","","1","","","","","","","","","2025-05-22","https://zume-n.com/drawings/7602458"
"3P813846","据付説明書","オーケー器材株式会社","通常","上質紙55kg/連","","","0.5","","","1","","","","","","","","","2025-05-22","https://zume-n.com/drawings/7602506"
"3P798972","据付説明書","オーケー器材株式会社","通常","上質紙55kg/連","","","","","","1","","","","","","","","","2025-05-22","https://zume-n.com/drawings/7602459"
"3P798973-1B","据付説明書","オーケー器材株式会社","通常","上質紙55kg/連","","","1.20,1.60","","","1","","","","","","","","","2025-05-22","https://zume-n.com/drawings/7602461"
"3P800247","据付説明書","オーケー器材株式会社","通常","上質紙55kg/連","","","","","","1","","","","","","","","","2025-05-22","https://zume-n.com/drawings/7602464"
"3P800246","据付説明書","オーケー器材株式会社","通常","上質紙55kg/連","","","","","","1","","","","","","","","","2025-05-22","https://zume-n.com/drawings/7602467"
"3P798975B","据付説明書","オーケー器材株式会社","通常","上質紙55kg/連","","","","","","1","","","","","","","","","2025-05-22","https://zume-n.com/drawings/7602469"
"3P798976","据付説明書","オーケー器材株式会社","通常","上質紙55kg/連","","","","","","1","","","","","","","","","2025-05-22","https://zume-n.com/drawings/7602471"
"3P767143","取付説明書","オーケー器材株式会社","通常","上質紙55kg/連","","","","","","1","","","","","","","","","2025-05-22","https://zume-n.com/drawings/7602473"
"3P771488B","据付説明書","オーケー器材株式会社","通常","上質紙55kg/連","","","","","","1","","","","","","","","","2025-05-22","https://zume-n.com/drawings/7602476"
"R4621022 A","蒸発器支持金具","ダイキン工業株式会社","通常","SPHC","","","","","","1","","","","","","","","","2025-05-22","https://zume-n.com/drawings/7602477"
"4P817167","据付説明書(適用機種リスト)","オーケー器材株式会社","通常","","","","","","","1","","","","","","","","","2025-05-22","https://zume-n.com/drawings/7602478"
"3P809492A","据付説明書(表)","オーケー器材株式会社","通常","","","","","","","1","","","","","","","","","2025-05-22","https://zume-n.com/drawings/7602480"
"4PB05289B","配線クランプ材","オーケー器材株式会社","通常","","","","0.80,0.85,0.30,1.00","","","1","","","","","","","","","2025-05-22","https://zume-n.com/drawings/7602481"
"4P379188C","ラベル銘板(コード39)","オーケー器材株式会社","通常","","","","","","","1","","","","","","","","","2025-05-22","https://zume-n.com/drawings/7602482"
"4P807550A","ステー(底面1)","オーケー器材株式会社","通常","SGCC-ZN12, t1.0","","","1","","","1","","","","","","","","","2025-05-22","https://zume-n.com/drawings/7602483"
"4P814202A","パッキングケース","オーケー器材株式会社","通常","LB170×LB170×LB170","","","2","","","1","","","","","","","","","2025-05-22","https://zume-n.com/drawings/7602485"
"4P807533A","防音材 (側面ＡＳＳＹ)","オーケー器材株式会社","通常","SOUND INSULATION,PLASTIC BAND,PLAIN WASHER (BRIGHT ROUND),ALUMINUM RIVET","","","","","","1","","","","","","","","","2025-05-22","https://zume-n.com/drawings/7602495"
"4P807534A","防音材(側面)","オーケー器材株式会社","通常","フェルト,CTKH相当品","","","","","","1","","","","","","","","","2025-05-22","https://zume-n.com/drawings/7602496"
"4P815076","ラベル銘板(注意銘板記載項目)","オーケー器材株式会社","通常","","","","","","","1","","","","","","","","","2025-05-22","https://zume-n.com/drawings/7602497"
"4P811500A","付属品ＡＳＳＹ（ねじ袋部品)","オーケー器材株式会社","通常","ポリエチレン,POLYETHYLENE","","","","","","1","","","","","","","","","2025-05-22","https://zume-n.com/drawings/7602499"
"4P812675A","緩衝材（段ボール）","オーケー器材株式会社","通常","LB170×LB170","","","40","","","1","","","","","","","","","2025-05-22","https://zume-n.com/drawings/7602502"
"3P807544B","防音材(側面)","オーケー器材株式会社","通常","BASE MATERIAL,SOUND MATERIAL,MAGIC TAPE(LOOP SIDE),MAGIC TAPE(HOOK SIDE),HOTCHKISS PIN","","","","","","1","","","","","","","","","2025-05-22","https://zume-n.com/drawings/7602504"
"3P812348","防音材 (底面ASSY)","オーケー器材株式会社","通常","","","","2.00,1.60","","","1","","","","","","","","","2025-05-22","https://zume-n.com/drawings/7602508"
"3P807545","ステー(側面)","オーケー器材株式会社","通常","SS400-C1-S,SGC-ZN1-C1-0.8,SGC-ZN1-Z","","","0.8","","","1","","","","","","","","","2025-05-22","https://zume-n.com/drawings/7602510"
"3P812346","防音材(天面)","オーケー器材株式会社","通常","フェルト,CTKM1K4","","","2.80,3.30,1.70","","","1","","","","","","","","","2025-05-22","https://zume-n.com/drawings/7602513"
"3P812349A","防音材(底面)","オーケー器材株式会社","通常","NBR,C1K鋼板","","","1.50,2.30","","","1","","","","","","","","","2025-05-22","https://zume-n.com/drawings/7602514"
"3P812347","ステー (天面)","オーケー器材株式会社","通常","SGCC-2W1, t0.8","","","0.8","","","1","","","","","","","","","2025-05-22","https://zume-n.com/drawings/7602518"
"3P807553A","ステー(底面3)","オーケー器材株式会社","通常","SGCC-ZN1-ET.01","","","2.3","","","1","","","","","","","","","2025-05-22","https://zume-n.com/drawings/7602520"
"3P815073","ラベル銘板","オーケー器材株式会社","通常","","","","1","","","1","","","","","","","","","2025-05-22","https://zume-n.com/drawings/7602529"
"3P812345","防音材(天面ASSY)","オーケー器材株式会社","通常","アルミリベット,平板(表面用),吸音材","","","25","","","1","","","","","","","","","2025-05-22","https://zume-n.com/drawings/7602524"
"3P814432","パッキングケース(梱包完成品)","オーケー器材株式会社","通常","","","","10","","","1","","","","","","","","","2025-05-22","https://zume-n.com/drawings/7602527"
"3P807535","ステー(側面)","オーケー器材株式会社","通常","SS400-ZNIL,SGCC-ZNIL 5.0,SGCC-ZNIL 2.0t","","","5.00,2.00,8.00","","","1","","","","","","","","","2025-05-22","https://zume-n.com/drawings/7602534"
"3P812350","ステー（底面2）","オーケー器材株式会社","通常","SK42061-G,SECC-2N1, Z1.0","","","2.80,3.20,4.10","","","1","","","","","","","","","2025-05-22","https://zume-n.com/drawings/7602522"
"4P814440","付属品ASSY","オーケー器材株式会社","通常","","","","","","","1","","","","","","","","","2025-05-22","https://zume-n.com/drawings/7602498"
"4P814203A","緩衝材（スチロール）","オーケー器材株式会社","通常","EPS","","","2.00,15.00,24.00,53.00","","","1","","","","","","","","","2025-05-22","https://zume-n.com/drawings/7602494"
"4P811208A","ステー（ステーＡＳＳＹ）","オーケー器材株式会社","通常","","","","2.80,3.20,4.10","","","1","","","","","","","","","2025-05-22","https://zume-n.com/drawings/7602484"
"2P150649K","吸込グリル本体","ダイキン工業株式会社","通常","SPCC,SGCC-F08","","","1.00,1.00","","","1","","","","","","","","","2025-05-20","https://zume-n.com/drawings/7531731"
"R2722836E","吸込グリル","ダイキン工業株式会社","通常","SGCC-F08,SGCC-F08,SGCC-F08","","","1.00,1.20,1.20","","","1","","","","","","","","","2025-05-20","https://zume-n.com/drawings/7531732"
"R36211102H","吸込グリル","ダイキン工業株式会社","通常","塗装用SPG","","","1","","","1","","","","","","","","","2025-05-20","https://zume-n.com/drawings/7531733"
"2P155804B","吸込グリル本体","オーケー器材株式会社","通常","SPCC,SPCC,SPCC","","","1.00,1.00,1.00","","","1","","","","","","","","","2025-05-20","https://zume-n.com/drawings/7531734"
"2P156667A","吸込グリル本体(左)","オーケー器材株式会社","通常","SPCC","","","1.00,1.00","","","1","","","","","","","","","2025-05-20","https://zume-n.com/drawings/7531736"
"2P156680A","吸込グリル本体(右)","オーケー器材株式会社","通常","SPCC","","","1","","","1","","","","","","","","","2025-05-20","https://zume-n.com/drawings/7531737"
"3K08035","吸込グリル","オーケー器材株式会社","通常","SPCC,SPCC","","","1.00,1.00","","","1","","","","","","","","","2025-05-20","https://zume-n.com/drawings/7531738"
"3K08036","吸込グリル","オーケー器材株式会社","通常","SPCC","","","1.2","","","1","","","","","","","","","2025-05-20","https://zume-n.com/drawings/7531739"
"R2723880","吸込グリル本体","ダイキン工業株式会社","通常","SGCC-F08","","","1","","","1","","","","","","","","","2025-05-16","https://zume-n.com/drawings/7361664"
"2P016109H","吸込グリル (280A)","ダイキン工業株式会社","通常","亜鉛鋼板","","","1.6","","","1","","","","","","","","","2025-05-20","https://zume-n.com/drawings/7529204"
"R3725096G","吸込グリル補強板(上)","ダイキン工業株式会社","通常","SGCC-ZN12","","","1.00,1.00,1.00,1.00,1.00","","","1","","","","","","","","","2025-05-20","https://zume-n.com/drawings/7505117"
"R3725097F","グリル補強板（下）","ダイキン工業株式会社","通常","SGCC-ZN12","","","1.00,1.00,1.00,1.00,1.00","","","1","","","","","","","","","2025-05-20","https://zume-n.com/drawings/7505116"
"4P099948C","吸込グリルASSY","ダイキン工業株式会社","通常","","","","","","","1","","","","","","","","","2025-05-20","https://zume-n.com/drawings/7480439"
"R4621022","変電器支持金具","ダイキン工業株式会社","通常","SPHC","","","2.3","","","1","","","","","","","","","2025-05-19","https://zume-n.com/drawings/7474059"
"3P535501F","側板(鈑金)","ダイキン工業株式会社","通常","SGCC-ZN22,SGCC-ZN22,SGCC-ZN22,SGCC-ZN22,SGCC-F08,SGCC-F08,SGCC-F08,SGCC-F08","","","1.00,1.00,1.00,1.00,1.00,1.00,1.00,1.00","","","2","","","","","","","","","2025-05-16","https://zume-n.com/drawings/7361669"
"3P535515C","天板(鈑金)","ダイキン工業株式会社","通常","SGCC-F08","","","1","","","2","","","","","","","","","2025-05-16","https://zume-n.com/drawings/7361670"
"3P594484A","天板(鈑金)","ダイキン工業株式会社","通常","SGCC-F08,SGCC-F08","","","1.20,1.20","","","2","","","","","","","","","2025-05-16","https://zume-n.com/drawings/7361671"
"4P336778A","点検蓋","ダイキン工業株式会社","通常","SGCC-F08,SGCC-F08,SGCC-F08","","","0.80,0.80,0.80","","","1","","","","","","","","","2025-05-16","https://zume-n.com/drawings/7361674"
"R3723882F","吸込グリル下枠","ダイキン工業株式会社","通常","SPHC,SPHC","","","1.60,1.60","","","1","","","","","","","","","2025-05-16","https://zume-n.com/drawings/7361677"
"R2621091B","吹出グリル垂直羽根","ダイキン工業株式会社","通常","SPCC","","","0.8","","","1","","","","","","","","","2025-05-12","https://zume-n.com/drawings/7138493"
"R3621669A","吹出グリル垂直羽根","ダイキン工業株式会社","通常","SPCC","","","0.8","","","1","","","","","","","","","2025-05-12","https://zume-n.com/drawings/7138486"
"R2621240B","吹出グリル垂直羽根","ダイキン工業株式会社","通常","SPCC","","","0.8","","","1","","","","","","","","","2025-05-12","https://zume-n.com/drawings/7138483"
"R3723881B","吸込グリル上枠","ダイキン工業株式会社","通常","SPHC,SPHC","","","1.60,1.60","","","1","","","","","","","","","2025-05-16","https://zume-n.com/drawings/7361679"
"3P580132C","熱交取付板","ダイキン工業株式会社","通常","SGHC-ZN22,SGHC-ZN22","","","1.60,1.60","","","1","","","","","","","","","2025-05-12","https://zume-n.com/drawings/7138502"
"R3621236C","側板（鋼板）","ナカオ金属工業株式会社","通常","SPCC,SPCC,SPCC,SPCC","","","1.00,1.00,1.00,1.00","","","1","","","","","","","","","2025-05-12","https://zume-n.com/drawings/7138514"
"R3621664A","側板(鈑金)プレナム室側板","ナカオ金属工業株式会社","通常","SPCC,SPCC,SPCC,SPCC","","","1.00,1.00,1.00,1.00","","","1","","","","","","","","","2025-05-12","https://zume-n.com/drawings/7138470"
"3P016883D","吸込グリル補強板","ダイキン工業株式会社","通常","SPCC","","","1.2","","","1","","","","","","","","","2025-05-16","https://zume-n.com/drawings/7361676"
"3P797925B","ステー(上)","ダイキン工業株式会社","通常","SGHC-ZN22,SGHC-F08,SGHC-F08","","","2.30,2.30,2.30","","","1","","","","","","","","","2025-05-16","https://zume-n.com/drawings/7361675"
"R4621673B","防露材","ダイキン工業株式会社","通常","ポリエチレンフォーム,ポリエチレンフォーム","","","2.00,2.00","","","1","","","","","","","","","2025-05-12","https://zume-n.com/drawings/7138475"
"R36211248F","吹出口ASSY","ダイキン工業株式会社","通常","","","","","","","1","","","","","","","","","2025-05-12","https://zume-n.com/drawings/7138490"
"3P016882B","吸込グリル下枠","ダイキン工業株式会社","通常","SPHC","","","1.6","","","1","","","","","","","","","2025-05-16","https://zume-n.com/drawings/7361678"
"3P709740","注意書","ダイキン工業株式会社","通常","上質紙55kg/連","","","","","","1","","","","","","","","","2025-05-16","https://zume-n.com/drawings/7361672"
"2PA49696E","吸込グリルＡＳＳＹ","ダイキン工業株式会社","通常","SPCC,ZAM,PP,NYLON,SUS,SPCC (See REMARK)","","","2.00,1.20","","","1","","","","","","","","","2025-05-16","https://zume-n.com/drawings/7361663"
"2P337242","REAR PLATE (SHEET METAL)","ダイキン工業株式会社","通常","SM490YA,WHITE COATING","","","9","","","1","","","","","","","","","2025-05-16","https://zume-n.com/drawings/7361662"
"2P324002A","FRONT PLATE (SHEET METAL) (POWER SUPPLY WIRING IMAGE)","ダイキン工業株式会社","通常","SECC-T 1.6,SECC-T 1.4","","","1.60,1.40","","","1","","","","","","","","","2025-05-16","https://zume-n.com/drawings/7361661"
"2P324001A","前補強板","ダイキン工業株式会社","通常","SPFC F,SGCC-E","","","1.20,2.30","","","1","","","","","","","","","2025-05-16","https://zume-n.com/drawings/7361660"
"2P324000A","BWF T-SQ60","ダイキン工業株式会社","通常","SUS304","","","1.6","","","1","","","","","","","","","2025-05-16","https://zume-n.com/drawings/7361659"
"2P323999A","FRONT PLATE (SHEET METAL) (MIDDLE)","ダイキン工業株式会社","通常","BWL-P350BD","","","1.60,1.50","","","1","","","","","","","","","2025-05-16","https://zume-n.com/drawings/7361658"
"2P336977A","前板（上）／FRONT PLANE (UPPER)","ダイキン工業株式会社","通常","SPCE,SECC-T","","","1.20,1.60","","","1","","","","","","","","","2025-05-16","https://zume-n.com/drawings/7361657"
"2P329097","TOP PLATE (SHEET METAL)","ダイキン工業株式会社","通常","Aluminum 5052-H32,UNIFORM ALCLAD","","","3","","","1","","","","","","","","","2025-05-16","https://zume-n.com/drawings/7361656"
"2P323996D","左板金(鋼板製)","ダイキン工業株式会社","通常","SPCC-SD(C)","","","2.30,3.00","","","1","","","","","","","","","2025-05-16","https://zume-n.com/drawings/7361655"
"2P323995","右側板","ダイキン工業株式会社","通常","","","","2","","","1","","","","","","","","","2025-05-16","https://zume-n.com/drawings/7361654"
"2P323993","チルドドア ASSY","ダイキン工業株式会社","通常","SPFC340","","","1.6","","","1","","","","","","","","","2025-05-16","https://zume-n.com/drawings/7361652"
"R3621239C","吹出口ASSY","ダイキン工業株式会社","通常","","","","","","","1","","","","","","","","","2025-05-12","https://zume-n.com/drawings/7138480"
"R36211242E","側板(板金)(プレナム室側板)","ナカオ金属工業株式会社","量産","SPCC","","","1","","","1","","","","","","","","","2025-05-12","https://zume-n.com/drawings/7138467"
"R3621668C","吹出口ASSY","ダイキン工業株式会社","量産","","","","","","","1","","","","","","","","","2025-05-12","https://zume-n.com/drawings/7138477"
"3P580131C","熱交取付板","ダイキン工業株式会社","量産","SGKHC-ZN22-T1.6","","","1.6","","","1","","","","","","","","","2025-05-12","https://zume-n.com/drawings/7138508"
"3P815552試作","AIR OUTLET","ダイキン工業株式会社","通常","SS400,SS400,SS400","","","1.40,1.20,1.20","","","1","","","","","","","","","2025-05-08","https://zume-n.com/drawings/7008927"
"3P815554試作","吹出口フランジ","ダイキン工業株式会社","通常","SGHC-ZN25. T1.6","","","1.6","","","1","","","","","","","","","2025-05-08","https://zume-n.com/drawings/7008928"
"4P183538C","取付板","ダイキン工業株式会社","通常","SGCC-ZN22C","","","1","","","1","","","","","","","","","2025-04-18","https://zume-n.com/drawings/6495868"
"4P559569A","支柱","ダイキン工業株式会社","通常","","","","","","","1","","","","","","","","","2025-04-18","https://zume-n.com/drawings/6495967"
"4P572780F","電装品箱(蓋)","ダイキン工業株式会社","通常","SGCC-ZN12,SGCC-ZN12","","","0.80,0.80","","","1","","","","","","","","","2025-04-18","https://zume-n.com/drawings/6495970"
"4P597577A","取付板","ダイキン工業株式会社","通常","SGCC-ZN22,SGCC-F08,SGCC-F08","","","0.80,0.80,0.80","","","1","","","","","","","","","2025-04-18","https://zume-n.com/drawings/6495977"
"4P109446A","隅金(蒸発器後部受金ASSY)","ダイキン工業株式会社","通常","SPCC","","","","","","1","","","","","","","","","2025-04-18","https://zume-n.com/drawings/6495840"
"4P580786D","吹出ロフランジ","ダイキン工業株式会社","通常","3SK82001-18,SGHC-F08, t1.6,3SK82002-6","","","","","","1","","","","","","","","","2025-04-18","https://zume-n.com/drawings/6495973"
"4P527920","サービスボートキャップカバー","ダイキン工業株式会社","通常","SGCC-ZN22,SGCC-F08,SGCC-FO8","","","","","","1","","","","","","","","","2025-04-18","https://zume-n.com/drawings/6495964"
"4P521636","取付板assy","ダイキン工業株式会社","通常","AA,R3689392-4,R3689392-8","","","","","","1","","","","","","","","","2025-04-18","https://zume-n.com/drawings/6495959"
"4P521546C","取付板ASSY","ダイキン工業株式会社","通常","A1,A1","","","","","","1","","","","","","","","","2025-04-18","https://zume-n.com/drawings/6495957"
"4P502779A","配管取付板 (2-2)","ダイキン工業株式会社","通常","SGCC-F08, t1.2","","","","","","1","","","","","","","","","2025-04-18","https://zume-n.com/drawings/6495950"
"4P502775B","散水配管取付具(1)","ダイキン工業株式会社","通常","SGCC-F08 t1.2","","","","","","1","","","","","","","","","2025-04-18","https://zume-n.com/drawings/6495946"
"4P502643A","散水用ボックスステー","ダイキン工業株式会社","通常","SGHC-F08, t1.6","","","","","","1","","","","","","","","","2025-04-18","https://zume-n.com/drawings/6495943"
"4P502641","散水用ボックス","ダイキン工業株式会社","通常","3SK82002-6,SGHC-F08, t1.6","","","","","","1","","","","","","","","","2025-04-18","https://zume-n.com/drawings/6495940"
"4P485408B","支持板 熱交（1）","ダイキン工業株式会社","通常","3SK82002-6,SGHGC-F08, t1.6","","","","","","1","","","","","","","","","2025-04-18","https://zume-n.com/drawings/6495933"
"4P470824D","カバー","ダイキン工業株式会社","通常","SGCC-2NZ2-T1,SGCC-F08-T1,SUS304","","","","","","1","","","","","","","","","2025-04-18","https://zume-n.com/drawings/6495919"
"4P463385A","固定具（ヘッダー配管）","ダイキン工業株式会社","通常","SGCC-ZN22,t1,SGCC-F08,t1","","","","","","1","","","","","","","","","2025-04-18","https://zume-n.com/drawings/6495913"
"4P458211B","配管固定具（2）","ダイキン工業株式会社","通常","SGKC-2NZ2, t1,SGCC-F08, t1","","","","","","1","","","","","","","","","2025-04-18","https://zume-n.com/drawings/6495910"
"4P447283B","FIXTURE","ダイキン工業株式会社","通常","SGCC-ZN22,t1,SGCC-F08,t1","","","","","","1","","","","","","","","","2025-04-18","https://zume-n.com/drawings/6495903"
"4P419417C","MOUNTING PLATE ASSY (2)","ダイキン工業株式会社","通常","MOUNTING PLATE (2),PIPING FIXTURE,SEALING MATERIAL","","","","","","1","","","","","","","","","2025-04-18","https://zume-n.com/drawings/6495900"
"4P402863C","取付板ASSY","ダイキン工業株式会社","通常","SPCC","","","","","","1","","","","","","","","","2025-04-18","https://zume-n.com/drawings/6495897"
"4P3826001","HEADER OUTLET PIPING FIXTURE ASSY","ダイキン工業株式会社","通常","GKR001-Z,ASB040004","","","","","","1","","","","","","","","","2025-04-18","https://zume-n.com/drawings/6495893"
"4P280092B","固定具","ダイキン工業株式会社","通常","SGCC-ZN22,SGCC-F08,SGCC-F08","","","","","","1","","","","","","","","","2025-04-18","https://zume-n.com/drawings/6495889"
"4P277089C","固定具（冷媒配管止金）","ダイキン工業株式会社","通常","SGCC-Z22 t1.0","","","","","","1","","","","","","","","","2025-04-18","https://zume-n.com/drawings/6495885"
"4P244386A","サービス蓋","ダイキン工業株式会社","通常","SGCC-F08","","","","","","1","","","","","","","","","2025-04-18","https://zume-n.com/drawings/6495882"
"4P241277/A","DRIP PROOF COVER","ダイキン工業株式会社","通常","SGCC-ZN22,SGCC-FOB8,SGCC-FOB6","","","","","","1","","","","","","","","","2025-04-18","https://zume-n.com/drawings/6495878"
"4P240627","PIPE FIXING PLATE","ダイキン工業株式会社","通常","SGCC-ZN22,SGCC-F08","","","","","","1","","","","","","","","","2025-04-18","https://zume-n.com/drawings/6495874"
"4P191095","COVER ASSY(FLOOT SWITCH)","ダイキン工業株式会社","通常","DX BLACK 60 GLOSS","","","","","","1","","","","","","","","","2025-04-18","https://zume-n.com/drawings/6495871"
"3P054166E","ドレンパン(鈑金)","ダイキン工業株式会社","通常","SPCC-SD,JIS G 3452 1B","","","","","","1","","","","","","","","","2025-04-18","https://zume-n.com/drawings/6495553"
"4P179374D","取付板(フロートスイッチ)","ダイキン工業株式会社","通常","SPHC","","","","","","1","","","","","","","","","2025-04-18","https://zume-n.com/drawings/6495863"
"4P164712D","隔仕切板","ダイキン工業株式会社","通常","SGCC-F08","","","","","","1","","","","","","","","","2025-04-18","https://zume-n.com/drawings/6495860"
"4P130227C","サービス蓋","ダイキン工業株式会社","通常","SGCC-F08","","","","","","1","","","","","","","","","2025-04-18","https://zume-n.com/drawings/6495857"
"4P129253","取付板","ダイキン工業株式会社","通常","","","","","","","1","","","","","","","","","2025-04-18","https://zume-n.com/drawings/6495854"
"4P127084A","蓋（側板右）","ダイキン工業株式会社","通常","SPCC","","","","","","1","","","","","","","","","2025-04-18","https://zume-n.com/drawings/6495851"
"4P123119","LID FOR WATER TANK","ダイキン工業株式会社","通常","SPCC","","","","","","1","","","","","","","","","2025-04-18","https://zume-n.com/drawings/6495846"
"4P115276D","MOUNTING PLATE","ダイキン工業株式会社","通常","SGHC-Z22,t=1.6","","","","","","1","","","","","","","","","2025-04-18","https://zume-n.com/drawings/6495843"
"4P104419A","スイッチ固定具","ダイキン工業株式会社","通常","SPCC","","","","","","1","","","","","","","","","2025-04-18","https://zume-n.com/drawings/6495836"
"4P103685B","MOUNTING PLATE","ダイキン工業株式会社","通常","SGHC-F08 t3.2","","","","","","1","","","","","","","","","2025-04-18","https://zume-n.com/drawings/6495833"
"4P098926B","PIPING FIXTURE","ダイキン工業株式会社","通常","SGHC-Z22 t1.6,SGHC-F08 t1.6","","","","","","1","","","","","","","","","2025-04-18","https://zume-n.com/drawings/6495828"
"4P098429C","止メ金具","ダイキン工業株式会社","通常","SGCC-ZN22,SGCC-F08","","","","","","1","","","","","","","","","2025-04-18","https://zume-n.com/drawings/6495825"
"4P088715C","PARTITION PLATE (SHEET METAL)","ダイキン工業株式会社","通常","SGCC-ZN22,SGCC-F08","","","","","","1","","","","","","","","","2025-04-18","https://zume-n.com/drawings/6495823"
"4P066772B","EL, COMPO, BOX COVER(2)","ダイキン工業株式会社","通常","SGCC-F08 t0.8,SGCC-F08 t0.8","","","","","","1","","","","","","","","","2025-04-18","https://zume-n.com/drawings/6495821"
"4P041506B","MOUNTING PLATE","ダイキン工業株式会社","通常","SGHC-F08,SGHC-ZN22","","","","","","1","","","","","","","","","2025-04-18","https://zume-n.com/drawings/6495819"
"3PY65502G","ZH_D ターミナルカバー","ダイキン工業株式会社","通常","SPCC,t1.6C","","","","","","1","","","","","","","","","2025-04-18","https://zume-n.com/drawings/6495817"
"3PH10926","パネル取付板２","ダイキン工業株式会社","通常","SPCC","","","","","","1","","","","","","","","","2025-04-18","https://zume-n.com/drawings/6495815"
"3PH10925","パネル取付板1","ダイキン工業株式会社","通常","SPCC","","","","","","1","","","","","","","","","2025-04-18","https://zume-n.com/drawings/6495813"
"3PB19688","前板","ダイキン工業株式会社","通常","SGCC-FD8,亜鉛鋼板","","","","","","1","","","","","","","","","2025-04-18","https://zume-n.com/drawings/6495811"
"3PB19119","前板","ダイキン工業株式会社","通常","SGCC-FDP,0.8","","","","","","1","","","","","","","","","2025-04-18","https://zume-n.com/drawings/6495808"
"3PA44672","PLATE FINNED COIL TUBE PLATE","ダイキン工業株式会社","通常","SGCC-F08 T1.6,SGCC-F08 T1.6","","","","","","1","","","","","","","","","2025-04-18","https://zume-n.com/drawings/6495806"
"R 4-6211255","エアーガイド 中央レール","ダイキン工業株式会社","通常","SPCC","","","","","","1","","","","","","","","","2025-04-18","https://zume-n.com/drawings/6495804"
"R4-763278B","吸込口","ダイキン工業株式会社","通常","SPCC,SGCC-Zn12","","","","","","1","","","","","","","","","2025-04-18","https://zume-n.com/drawings/6495802"
"R4-74-9630A","下部ナックル前板止金","ダイキン工業株式会社","通常","SPHC","","","","","","1","","","","","","","","","2025-04-18","https://zume-n.com/drawings/6495799"
"R4722640G","CLAMP(FOR THERMISTOR)","ダイキン工業株式会社","通常","SGCC-ZN22","","","","","","1","","","","","","","","","2025-04-18","https://zume-n.com/drawings/6495796"
"4SG90003A","耐塩用管治金","ダイキン工業株式会社","通常","SGCC Z-712","","","","","","1","","","","","","","","","2025-04-18","https://zume-n.com/drawings/6495793"
"4PY65503A","ターミナルカバー上蓋","ダイキン工業株式会社","通常","SPCC,t1.6","","","","","","1","","","","","","","","","2025-04-18","https://zume-n.com/drawings/6495791"
"4PS22233J","配管取付板","ダイキン工業株式会社","通常","SGCC-Z22,SGCC-F08","","","","","","1","","","","","","","","","2025-04-18","https://zume-n.com/drawings/6495789"
"4PH09397","結氷タンク底板","ダイキン工業株式会社","通常","鋼材SPCC, SGCC-F08","","","","","","1","","","","","","","","","2025-04-18","https://zume-n.com/drawings/6495786"
"4PB20548","側板(右)Assy","ダイキン工業株式会社","通常","","","","","","","1","","","","","","","","","2025-04-18","https://zume-n.com/drawings/6495784"
"4PA47550E","AIR OUTLET FLANGE","ダイキン工業株式会社","通常","SPCC","","","","","","1","","","","","","","","","2025-04-18","https://zume-n.com/drawings/6495782"
"4 PA35773A","スイッチボックス蓋 (1)","ダイキン工業株式会社","通常","SGCC-F08 Δ","","","","","","1","","","","","","","","","2025-04-18","https://zume-n.com/drawings/6495780"
"4PA3041","サービス蓋","ダイキン工業株式会社","通常","SPCC","","","","","","1","","","","","","","","","2025-04-18","https://zume-n.com/drawings/6495779"
"4P637926","ベルマウス","ダイキン工業株式会社","通常","SGCC-F08,t1.2","","","","","","1","","","","","","","","","2025-04-18","https://zume-n.com/drawings/6495777"
"3P458264","PLATE FINNED COIL MOUNTING PLATE","ダイキン工業株式会社","通常","SGHC-ZN20-1Z,3SK62002-1","","","","","","1","","","","","","","","","2025-04-18","https://zume-n.com/drawings/6495747"
"3P450536","FRONT PLATE (SHEET METAL)","ダイキン工業株式会社","通常","SPCE (J1),SECC (J1)","","","","","","1","","","","","","","","","2025-04-18","https://zume-n.com/drawings/6495744"
"3P449413","E.L. COMPO. BOX COVER","ダイキン工業株式会社","通常","AA","","","","","","1","","","","","","","","","2025-04-18","https://zume-n.com/drawings/6495742"
"3P419416","MOUNTING PLATE ASSY (1)","ダイキン工業株式会社","通常","GKK002-Z,GKR001-Z,ASB040004","","","","","","1","","","","","","","","","2025-04-18","https://zume-n.com/drawings/6495739"
"3P416344","ファン電動機台","ダイキン工業株式会社","通常","SS400,SS400","","","","","","1","","","","","","","","","2025-04-18","https://zume-n.com/drawings/6495737"
"3P409138G","PLATE FINNED COIL LOWER FRAME","ダイキン工業株式会社","通常","SK362002-2,SGHC-F06, t1.6","","","","","","1","","","","","","","","","2025-04-18","https://zume-n.com/drawings/6495735"
"3P054069E","右側板(鈑金)","ダイキン工業株式会社","通常","SGCC-F08","","","","","","1","","","","","","","","","2025-04-18","https://zume-n.com/drawings/6495552"
"3P409042","PLATE FINNED COIL UPPER FRAME PLATE","ダイキン工業株式会社","通常","SS400-6 t1.6,SKSB2002-6,SGHC-T50 t1.6","","","","","","1","","","","","","","","","2025-04-18","https://zume-n.com/drawings/6495733"
"3P396981","PARTITION PLATE (SHEET METAL) (LEFT)","ダイキン工業株式会社","通常","SPGC t1.0,SGCC-F t1.0","","","","","","1","","","","","","","","","2025-04-18","https://zume-n.com/drawings/6495731"
"3P396980A","PARTITION PLATE (SHEET METAL)","ダイキン工業株式会社","通常","SGCC t1.0","","","","","","1","","","","","","","","","2025-04-18","https://zume-n.com/drawings/6495729"
"3P382213","仕切板（鈑金）","ダイキン工業株式会社","通常","SGCC,F08,t0.8","","","","","","1","","","","","","","","","2025-04-18","https://zume-n.com/drawings/6495727"
"3PA22479","吸込グリル取付板(上)","ダイキン工業株式会社","通常","","","","","","","1","","","","","","","","","2025-04-18","https://zume-n.com/drawings/6495725"
"3PA04547","REAR PLATE (SHEET METAL)","ダイキン工業株式会社","通常","SPCC-1.0,SGCC-F08-1.0","","","","","","1","","","","","","","","","2025-04-18","https://zume-n.com/drawings/6495723"
"3P716451","AIR FILTER RAIL (CENTER)","ダイキン工業株式会社","通常","SGCC-ZN61-T1,SGCC-F08-T1","","","","","","1","","","","","","","","","2025-04-18","https://zume-n.com/drawings/6495721"
"3P685570","吹出口","ダイキン工業株式会社","通常","SECC-2B2z t1.2,SGCC-ZN21 t1.2","","","","","","1","","","","","","","","","2025-04-18","https://zume-n.com/drawings/6495718"
"3P685568","AIR OUTLET","ダイキン工業株式会社","通常","3SGK82014-1,SGCC-ZN02-1 t1.2","","","","","","1","","","","","","","","","2025-04-18","https://zume-n.com/drawings/6495716"
"3P663307","吹出ロフランジ","ダイキン工業株式会社","通常","SS400-1B,SGHC-Z t1.6,SGHC-F08. t1.6","","","","","","1","","","","","","","","","2025-04-18","https://zume-n.com/drawings/6495713"
"3P653231","CORNER PLATE (REAR)","ダイキン工業株式会社","通常","SGHC-ZN22, t2.3,SGHC-F08, t2.3","","","","","","1","","","","","","","","","2025-04-18","https://zume-n.com/drawings/6495711"
"3P631906","CORNER PLATE","ダイキン工業株式会社","通常","ＳＧＨＣ-F,鉄","","","","","","1","","","","","","","","","2025-04-18","https://zume-n.com/drawings/6495708"
"3P626280","PLATE FINNED COIL MOUNTING PLATE","ダイキン工業株式会社","通常","SGHC-F08, t1.6,SGHC-NMZ, t1.6","","","","","","1","","","","","","","","","2025-04-18","https://zume-n.com/drawings/6495706"
"3P623864","AIR OUTLET","ダイキン工業株式会社","通常","SGC-F02B-T1.2,SGAC0200-5","","","","","","1","","","","","","","","","2025-04-18","https://zume-n.com/drawings/6495704"
"3P622633","HOLDING CASE COVER","ダイキン工業株式会社","通常","SGCC-F08 E.T,S35C","","","","","","1","","","","","","","","","2025-04-18","https://zume-n.com/drawings/6495702"
"3P622631","収納箱 (ゲージボックス)","ダイキン工業株式会社","通常","SS400-Z12,SGCC-ZN022,SSXP2020-Z-3,SGCC-F06-T0.8","","","","","","1","","","","","","","","","2025-04-18","https://zume-n.com/drawings/6495700"
"3P613632","STAND","ダイキン工業株式会社","通常","鋼","","","","","","1","","","","","","","","","2025-04-18","https://zume-n.com/drawings/6495698"
"3P584376","PLATE FINED COIL FRAME PLATE ASSY","ダイキン工業株式会社","通常","亜鉛鋼板（SECC t1.2）,亜鉛鋼板（SECC t2.3）,ポリ塩化ビニル t0.2","","","","","","1","","","","","","","","","2025-04-18","https://zume-n.com/drawings/6495696"
"3P576826E","PLATE FINNED COIL FRAME PLATE","ダイキン工業株式会社","通常","3SK9205,SGHC-F08, t=1.2","","","","","","1","","","","","","","","","2025-04-18","https://zume-n.com/drawings/6495693"
"3P576826","取付図","ダイキン工業株式会社","通常","3SK2002-6,SGCC-F06-6/2.0,SGHK-F06-6.6,3SK2008-6,SGCC-F06-6/1.6","","","","","","1","","","","","","","","","2025-04-18","https://zume-n.com/drawings/6495691"
"3P576826E","PLATE FINNED COIL FRAME PLATE (BACK)","ダイキン工業株式会社","通常","SS400-2B,SS400-2C-B","","","","","","1","","","","","","","","","2025-04-18","https://zume-n.com/drawings/6495689"
"3P569921","PIPING FIXTURE","ダイキン工業株式会社","通常","SS400","","","","","","1","","","","","","","","","2025-04-18","https://zume-n.com/drawings/6495687"
"3P559209","電装品箱","ダイキン工業株式会社","通常","EL. COMPO. BOX,PROJECTION WELD NUT","","","","","","1","","","","","","","","","2025-04-18","https://zume-n.com/drawings/6495683"
"3P535930 [single, string]","MOUNTING PLATE [single, string]","ダイキン工業株式会社","通常","SECC-PB-F [multiple, string]","","","","","","1","","","","","","","","","2025-04-18","https://zume-n.com/drawings/6495680"
"3P530514","FRAME PLATE","ダイキン工業株式会社","通常","SUS304,SUS430","","","","","","1","","","","","","","","","2025-04-18","https://zume-n.com/drawings/6495676"
"3P524077","STAY (HE BACK)","ダイキン工業株式会社","通常","3SK82002-Z,SGHC-F08, t2.3","","","","","","1","","","","","","","","","2025-04-18","https://zume-n.com/drawings/6495673"
"3P524076","STAY","ダイキン工業株式会社","通常","3SK82002-7,SGHC-F08. t2.3","","","","","","1","","","","","","","","","2025-04-18","https://zume-n.com/drawings/6495670"
"3P506747","BLIND PLATE","ダイキン工業株式会社","通常","AC,AA,AB","","","","","","1","","","","","","","","","2025-04-18","https://zume-n.com/drawings/6495665"
"3P502777","FIXTURE","ダイキン工業株式会社","通常","SSECC-FGQ, 51/2","","","","","","1","","","","","","","","","2025-04-18","https://zume-n.com/drawings/6495662"
"3P502644-0","COVER","ダイキン工業株式会社","通常","SECC-F PHC 100 B","","","","","","1","","","","","","","","","2025-04-18","https://zume-n.com/drawings/6495659"
"3P502640","散水用ボックスカバー","ダイキン工業株式会社","通常","SSGE-F08,t1","","","","","","1","","","","","","","","","2025-04-18","https://zume-n.com/drawings/6495655"
"3P485467","PARTITION PLATE (LEFT UPPER)","ダイキン工業株式会社","通常","SGKC-F08-t","","","","","","1","","","","","","","","","2025-04-18","https://zume-n.com/drawings/6495653"
"3P458335","MOUNTING PLATE","ダイキン工業株式会社","通常","SGHC-ZN02-1/2-3,SGHC-F06-1/2-3","","","","","","1","","","","","","","","","2025-04-18","https://zume-n.com/drawings/6495650"
"3P458269C","熱交取付板（下）（2-2）","ダイキン工業株式会社","通常","SGHC-ZN02, t2.3,SGHC-F08, t2.3","","","","","","1","","","","","","","","","2025-04-18","https://zume-n.com/drawings/6495648"
"3P372066A","EL. COMPO. BOX","ダイキン工業株式会社","通常","SPCC","","","","","","1","","","","","","","","","2025-04-18","https://zume-n.com/drawings/6495613"
"3P340451","PLATE FINNED COIL FRAME PLATE","ダイキン工業株式会社","通常","SGHC-F08","","","","","","1","","","","","","","","","2025-04-18","https://zume-n.com/drawings/6495610"
"3P340413","FRAME FINNED COIL LOWER FRAME PLATE","ダイキン工業株式会社","通常","SGHC-F08,SGHC-F08","","","","","","1","","","","","","","","","2025-04-18","https://zume-n.com/drawings/6495608"
"3P340412","PLATE FINNED COIL UPPER FRAME PLATE","ダイキン工業株式会社","通常","SGHC-F08","","","","","","1","","","","","","","","","2025-04-18","https://zume-n.com/drawings/6495607"
"3P334197","PLATE FINNED COIL TUBE PLATE","ダイキン工業株式会社","通常","SGCC-F08 t1.2","","","","","","1","","","","","","","","","2025-04-18","https://zume-n.com/drawings/6495606"
"3P293890A","AIR FILTER HOLD PLATE","ダイキン工業株式会社","通常","SGCC-F08 t1.2","","","","","","1","","","","","","","","","2025-04-18","https://zume-n.com/drawings/6495605"
"3P293889","AIR FILTER HOLD PLATE","ダイキン工業株式会社","通常","SGCC-F08 t1.2,SGCC-F08 t1.2","","","","","","1","","","","","","","","","2025-04-18","https://zume-n.com/drawings/6495604"
"3P282290","支柱 (2)
SUPPORT","ダイキン工業株式会社","通常","SGHC-F08-3,4SK06001-12,TU40022-4,4P291332-1","","","","","","1","","","","","","","","","2025-04-18","https://zume-n.com/drawings/6495603"
"3P280969","SUPPORT (1)","ダイキン工業株式会社","通常","SGHC-F08","","","","","","1","","","","","","","","","2025-04-18","https://zume-n.com/drawings/6495602"
"3P254235C","AIR FILTER RAIL","ダイキン工業株式会社","通常","SGCC-ZN16,SGCC-F08","","","","","","1","","","","","","","","","2025-04-18","https://zume-n.com/drawings/6495601"
"3P244379","左側板（鈑金）","ダイキン工業株式会社","通常","SGCC-F08-T=0.8","","","","","","1","","","","","","","","","2025-04-18","https://zume-n.com/drawings/6495600"
"3P242986","FRONT PLATE(SHEET METAL)","ダイキン工業株式会社","通常","SGCC-F 0.8-B","","","","","","1","","","","","","","","","2025-04-18","https://zume-n.com/drawings/6495599"
"3P239867","PLATE FINNED COIL COVER","ダイキン工業株式会社","通常","SGCC-ZN2E2,SGCC-F0-E,SGCC-F0-E,SGCC-F0-E,SGCC-F0-E","","","","","","1","","","","","","","","","2025-04-18","https://zume-n.com/drawings/6495598"
"3P239863","PLATE FINNED COIL COVER","ダイキン工業株式会社","通常","SGCC-ZN12,SGCC-F08,SGCC-F08","","","","","","1","","","","","","","","","2025-04-18","https://zume-n.com/drawings/6495597"
"3P233403B","PLATE FINNED COIL COVER","ダイキン工業株式会社","通常","SGCC-ZN82,SGCC-F08,SGCC-F08","","","","","","1","","","","","","","","","2025-04-18","https://zume-n.com/drawings/6495596"
"3P233401","PLATE FINNED COIL COVER","ダイキン工業株式会社","通常","SGCC-ZNNi2,SGCC-F 08-F,SGCC-F 08-F","","","","","","1","","","","","","","","","2025-04-18","https://zume-n.com/drawings/6495595"
"3P233399","熱交カバー（前板左）","ダイキン工業株式会社","通常","SGCC-ZN21,SGCC-F08,SGCC-F08","","","","","","1","","","","","","","","","2025-04-18","https://zume-n.com/drawings/6495592"
"3P233395","PLATE FINNED COIL COVER","ダイキン工業株式会社","通常","SGHC-ZN22,SGCC-ZN22,SGCC-F08","","","","","","1","","","","","","","","","2025-04-18","https://zume-n.com/drawings/6495590"
"3P233391C","PLATE FINNED COIL COVER","ダイキン工業株式会社","通常","SGCC-ZN22,SGCC-F08,SGCC-F08","","","","","","1","","","","","","","","","2025-04-18","https://zume-n.com/drawings/6495588"
"3P203678A","ドレンパン ASSY","ダイキン工業株式会社","通常","SGCC-F08,SGHC-F08,SGP","","","","","","1","","","","","","","","","2025-04-18","https://zume-n.com/drawings/6495586"
"3P201813D","右側板（鋼金）","ダイキン工業株式会社","通常","SGCC-F08","","","","","","1","","","","","","","","","2025-04-18","https://zume-n.com/drawings/6495584"
"3P193541","PIPE FIXING PLATE","ダイキン工業株式会社","通常","SGCC-ZN22,SGCC-F08","","","","","","1","","","","","","","","","2025-04-18","https://zume-n.com/drawings/6495582"
"3P188826","STOP VALVE MOUNTING PLATE","ダイキン工業株式会社","通常","SGHC-F22,SGHC-F08","","","","","","1","","","","","","","","","2025-04-18","https://zume-n.com/drawings/6495578"
"3P161933H","PIPING FIXTURE","ダイキン工業株式会社","通常","SPCC,ZC,SGCC-ZN22,SGCC-F08","","","","","","1","","","","","","","","","2025-04-18","https://zume-n.com/drawings/6495577"
"3P138216","PIPE FIXING PLATE ASSY","ダイキン工業株式会社","通常","E","","","","","","1","","","","","","","","","2025-04-18","https://zume-n.com/drawings/6495576"
"3P137440B","SHIELD PLATE(3)","ダイキン工業株式会社","通常","SPCC,SGCC-F08","","","","","","1","","","","","","","","","2025-04-18","https://zume-n.com/drawings/6495575"
"3P132187","PIPE FIXING PLATE ASSY","ダイキン工業株式会社","通常","","","","","","","1","","","","","","","","","2025-04-18","https://zume-n.com/drawings/6495574"
"3P117409D","WATER TANK (SHEET METAL) ASSY","ダイキン工業株式会社","通常","SPCC,SGP","","","","","","1","","","","","","","","","2025-04-18","https://zume-n.com/drawings/6495572"
"3P379402","PARTITION PLATE(SHEET METAL)","ダイキン工業株式会社","通常","SPCC t1.0,SPCC t1.6","","","","","","1","","","","","","","","","2025-04-18","https://zume-n.com/drawings/6495571"
"3P016883D","SUCTION GRILLE","ダイキン工業株式会社","通常","SPCC","","","","","","1","","","","","","","","","2025-04-18","https://zume-n.com/drawings/6495565"
"3P016224J","FAN MOTOR STAND","ダイキン工業株式会社","通常","SGHC-F,SGHC-ZN12,SPHC","","","","","","1","","","","","","","","","2025-04-18","https://zume-n.com/drawings/6495564"
"3P016224H","FAN MOTOR STAND","ダイキン工業株式会社","通常","SGHC-F08,SPHC","","","","","","1","","","","","","","","","2025-04-18","https://zume-n.com/drawings/6495562"
"3P016224G","FAN MOTOR STAND","ダイキン工業株式会社","通常","SGHC-F,SGHC-ZN12,SPHC","","","","","","1","","","","","","","","","2025-04-18","https://zume-n.com/drawings/6495560"
"3P016224F","FAN MOTOR STAND","ダイキン工業株式会社","通常","SGHC-7N12,SPHC","","","","","","1","","","","","","","","","2025-04-18","https://zume-n.com/drawings/6495559"
"3P097642B","カバー","ダイキン工業株式会社","通常","SGCC-F08,SPCC","","","","","","1","","","","","","","","","2025-04-18","https://zume-n.com/drawings/6495557"
"3P089918B","スイッチボックス","ダイキン工業株式会社","通常","SGCC-Z08","","","","","","1","","","","","","","","","2025-04-18","https://zume-n.com/drawings/6495556"
"3P025790E","配管取付板","ダイキン工業株式会社","通常","SPHC,SPHC","","","","","","1","","","","","","","","","2025-04-18","https://zume-n.com/drawings/6495551"
"2P529925C","管板","ダイキン工業株式会社","通常","CRB-FXKF850AF","","","","","","1","","","","","","","","","2025-04-18","https://zume-n.com/drawings/6495476"
"2P525300","管板","ダイキン工業株式会社","通常","SGCC-F08","","","","","","1","","","","","","","","","2025-04-18","https://zume-n.com/drawings/6495475"
"2P520960C","管板","ダイキン工業株式会社","通常","SRCC-K18,SGHC-F08","","","","","","1","","","","","","","","","2025-04-18","https://zume-n.com/drawings/6495473"
"2P550975","管板(前)","ダイキン工業株式会社","通常","A5052,A3103","","","","","","1","","","","","","","","","2025-04-18","https://zume-n.com/drawings/6495478"
"2PB19115","ケーシング","ダイキン工業株式会社","通常","SM4902L-BU","","","","","","1","","","","","","","","","2025-04-18","https://zume-n.com/drawings/6495485"
"2PB18694","ケーシング","ダイキン工業株式会社","通常","SS400,STPG38","","","","","","1","","","","","","","","","2025-04-18","https://zume-n.com/drawings/6495487"
"3P016224E","ファンモータ軸台","ダイキン工業株式会社","通常","SGHC-ZN132,SPHC","","","","","","1","","","","","","","","","2025-04-18","https://zume-n.com/drawings/6495490"
"3P016224C","ファン電動機台","ダイキン工業株式会社","通常","SGHC-Z12,HEXAGON NUT","","","","","","1","","","","","","","","","2025-04-18","https://zume-n.com/drawings/6495488"
"2P520960B","管板","ダイキン工業株式会社","通常","SRCC-K18,SGHC-F08","","","","","","1","","","","","","","","","2025-04-18","https://zume-n.com/drawings/6494656"
"2P520960A","管板","ダイキン工業株式会社","通常","SRCC-K18,SGHC-F08","","","","","","1","","","","","","","","","2025-04-18","https://zume-n.com/drawings/6494652"
"2P125945","側板（鉄板）","ダイキン工業株式会社","通常","SECC,SPHC","","","","","","1","","","","","","","","","2025-04-18","https://zume-n.com/drawings/6494658"
"2P520960","管板","ダイキン工業株式会社","通常","SRCC-K18,SGHC-F08","","","","","","1","","","","","","","","","2025-04-18","https://zume-n.com/drawings/6494649"
"2P502638","電装品箱","ダイキン工業株式会社","通常","SPCC,SGCC-F08","","","","","","1","","","","","","","","","2025-04-18","https://zume-n.com/drawings/6494638"
